log Kd;compound;Kd (L/kg);log D (L/kg);molecular weight (g/mol);positive charges ;negative charges ;Log S (mol/L) at pH 7;number of aromatic rings;molecular volume  (cm3/mol/100)  ;estimated log KOC  (L/kg);surface area (m2/g);PZC;O wt%;delta_PZCpH
5.20E+00;PFPeA;1.60E+05;-0.54;264.05;0;1;-3.72;0;1.05;2.43;;;;
5.90E+00;PFHxA;7.95E+05;0.18;314.05;0;1;-4.59;0;1.22;2.45;;;;
5.95E+00;PFHpA;8.90E+05;0.88;364.06;0;1;-5.42;0;1.4;3.77;;;;
5.70E+00;PFPrS;5.01E+05;-0.45;249.09;0;1;-2.48;0;0.995;1.68;;;;
5.80E+00;PFBS;6.31E+05;0.251;299.1;0;1;-3.36;0;1.17;2.25;;;;
5.75E+00;PFPeS;5.62E+05;0.95;350.11;0;1;-4.2;0;1.35;3.01;;;;
5.70E+00;PFHxS;5.01E+05;1.65;400.11;0;1;-5;0;1.52;3.3;;;;
2.65E+00;Trifluoromethanesulfonic acid ;4.50E+02;-3.8;150.08;0;1;-0.61;0;0.642;0.352;1140;9.5;;2.6
2.83E+00;Trifluoromethanesulfonic acid ;6.80E+02;-3.8;150.08;0;1;-0.61;0;0.642;0.352;1030;8.1;;1.2
3.35E+00;PFBA;2.25E+03;-1.22;214.039;0;1;-2.82;0;0.871;1.81;212;;;
3.57E+00;PFPeA;3.70E+03;-0.54;264.05;0;1;-3.72;0;1.05;2.43;212;;;
3.74E+00;PFHxA;5.50E+03;0.18;314.05;0;1;-4.59;0;1.22;2.45;212;;;
4.06E+00;PFHpA;1.14E+04;0.88;364.06;0;1;-5.42;0;1.4;3.77;212;;;
4.11E+00;PFBS;1.30E+04;0.251;299.1;0;1;-3.36;0;1.17;2.26;212;;;
4.88E+00;PFHxS;7.60E+04;1.65;400.11;0;1;-5;0;1.52;3.3;422;;;
4.73E+00;PFBA;5.32E+04;-1.22;214.039;0;1;-2.82;0;0.871;1.81;422;;;
4.98E+00;PFPeA;9.60E+04;-0.54;264.05;0;1;-3.72;0;1.05;2.43;422;;;
5.14E+00;PFHxA;1.39E+05;0.18;314.05;0;1;-4.59;0;1.22;2.45;422;;;
5.23E+00;PFHpA;1.70E+05;0.88;364.06;0;1;-5.42;0;1.4;3.77;422;;;
4.40E+00;PFBA;2.52E+04;-1.22;214.039;0;1;-2.82;0;0.871;1.81;732;;;
4.88E+00;PFPeA;7.60E+04;-0.54;264.05;0;1;-3.72;0;1.05;2.43;732;;;
4.98E+00;PFHxA;9.60E+04;0.18;314.05;0;1;-4.59;0;1.22;2.45;732;;;
5.11E+00;PFHpA;1.29E+05;0.88;364.06;0;1;-5.42;0;1.4;3.77;732;;;
5.07E+00;PFBS;1.17E+05;0.251;299.1;0;1;-3.36;0;1.17;2.26;732;;;
4.85E+00;PFHxS;7.01E+04;1.65;400.11;0;1;-5;0;1.52;3.3;732;;;
4.59E+00;PFBA;3.90E+04;-1.22;214.039;0;1;-2.82;0;0.871;1.81;820;;;
4.61E+00;PFPeA;4.09E+04;-0.54;264.05;0;1;-3.72;0;1.05;2.43;820;;;
5.32E+00;PFHxA;2.11E+05;0.18;314.05;0;1;-4.59;0;1.22;2.45;820;;;
5.95E+00;PFHpA;8.86E+05;0.88;364.06;0;1;-5.42;0;1.4;3.77;820;;;
3.39E+00;PFBA;2.46E+03;-1.22;214.039;0;1;-2.82;0;0.871;1.81;900;;;
4.26E+00;PFPeA;1.80E+04;-0.54;264.05;0;1;-3.72;0;1.05;2.43;900;;;
4.76E+00;PFHxA;5.80E+04;0.18;314.05;0;1;-4.59;0;1.22;2.45;900;;;
4.98E+00;PFHpA;9.60E+04;0.88;364.06;0;1;-5.42;0;1.4;3.77;900;;;
4.83E+00;PFBS;6.70E+04;0.251;299.1;0;1;-3.36;0;1.17;2.26;900;;;
4.98E+00;PFHxS;9.60E+04;1.65;400.11;0;1;-5;0;1.52;3.3;900;;;
5.04E+00;PFHxS;1.10E+05;1.65;400.11;0;1;-5;0;1.52;3.3;752;7.95;;1.05
4.59E+00;PFHxS;3.88E+04;1.65;400.11;0;1;-5;0;1.52;3.3;1000;;;
3.72E+00;PFBA;5.20E+03;-1.22;214.039;0;1;-2.82;0;0.871;1.81;1120;;;
4.13E+00;PFBS;1.35E+04;0.251;299.1;0;1;-3.36;0;1.17;2.26;1120;;;
4.01E+00;PFHxA;1.02E+04;0.18;314.05;0;1;-4.59;0;1.22;2.45;1120;;;
4.25E+00;PFHxS;1.77E+04;1.65;400.11;0;1;-5;0;1.52;3.3;1120;;;
4.56E+00;PFBA;3.67E+04;-1.22;214.039;0;1;-2.82;0;0.871;1.81;730;;;
4.63E+00;PFBS;4.26E+04;0.251;299.1;0;1;-3.36;0;1.17;2.26;730;;;
4.68E+00;PFHxA;4.76E+04;0.18;314.05;0;1;-4.59;0;1.22;2.45;730;;;
4.64E+00;PFHxS;4.35E+04;1.65;400.11;0;1;-5;0;1.52;3.3;730;;;
4.20E+00;PFHxA;1.59E+04;0.18;314.05;0;1;-4.59;0;1.22;2.45;726;9.6;;2.7
3.85E+00;PFPeA;7.10E+03;-0.54;264.05;0;1;-3.72;0;1.05;2.43;726;9.6;;2.7
4.62E+00;PFBS;4.17E+04;0.251;299.1;0;1;-3.36;0;1.17;2.26;726;9.6;;2.7
4.70E+00;PFHxS;5.01E+04;1.65;400.11;0;1;-5;0;1.52;3.3;726;9.6;;2.7
4.00E+00;PFHxA;1.00E+04;0.18;314.05;0;1;-4.59;0;1.22;2.45;726;9.5;;2.6
3.98E+00;PFBS ;9.55E+03;0.251;299.1;0;1;-3.36;0;1.17;2.26;726;9.5;;2.6
4.06E+00;PFHxS;1.15E+04;1.65;400.11;0;1;-5;0;1.52;3.3;726;9.5;;2.6
4.03E+00;PFHxA;1.07E+04;0.18;314.05;0;1;-4.59;0;1.22;2.45;1050;;;
5.30E+00;PFHxS;2.00E+05;1.65;400.11;0;1;-5;0;1.52;3.3;1050;;;
4.59E+00;PFHxA;3.89E+04;0.18;314.05;0;1;-4.59;0;1.22;2.45;1050;;;
4.45E+00;GenX;2.82E+04;0.47;330.05;0;1;-4.82;0;1.28;2.075;1050;;2.45;
4.48E+00;PFHxA;3.00E+04;0.18;314.05;0;1;-4.59;0;1.22;2.45;820;;;
4.17E+00;GenX;1.50E+04;0.47;330.05;0;1;-4.82;0;1.28;2.075;820;;;
3.92E+00;Trifluoromethanesulfonic acid;8.30E+03;-3.8;150.08;0;1;-0.61;0;0.642;0.352;1030;8.1;1.8;1.2
4.24E+00;PFBA;1.73E+04;-1.22;214.039;0;1;-2.82;0;0.871;1.81;1260;6.3;3.9;-0.6
5.12E+00;PFBS;1.32E+05;0.251;299.1;0;1;-3.36;0;1.171;2.26;1260;6.3;3.9;-0.6
4.52E+00;PFBA;3.31E+04;-1.22;214.039;0;1;-2.82;0;0.871;1.81;1255;9.5;1.4;2.6
5.27E+00;PFBS;1.86E+05;0.251;299.1;0;1;-3.36;0;1.171;2.26;1255;9.5;1.4;2.6
2.26E+00;PFBA;1.82E+02;-1.22;214.039;0;1;-2.82;0;0.871;1.81;1200;2.7;9.2;-4.2
3.48E+00;PFBS;3.05E+03;0.251;299.1;0;1;-3.36;0;1.171;2.26;1200;2.7;9.2;-4.2
2.34E+00;PFBA;2.20E+02;-1.22;214.039;0;1;-2.82;0;0.871;1.81;1100;5.9;13.7;-1
2.61E+00;PFBA;4.10E+02;-1.22;214.039;0;1;-2.82;0;0.871;1.81;720;7.3;7.9;0.4
4.28E+00;PFBA;1.90E+04;-1.22;214.039;0;1;-2.82;0;0.871;1.81;1000;9.3;1.1;2.4
4.10E+00;PFPeA;1.26E+04;-0.54;264.05;0;1;-3.72;0;1.05;2.43;262;;;
5.35E+00;PFHxA;2.23E+05;0.18;314.05;0;1;-4.59;0;1.22;2.45;659;;;
5.58E+00;PFBS;3.79E+05;0.251;299.1;0;1;-3.36;0;1.17;2.26;;;;
6.55E+00;PFHxS;3.58E+06;1.65;400.11;0;1;-5;0;1.52;3.3;;;;
6.37E+00;PFHxS;2.32E+06;1.65;400.11;0;1;-5;0;1.52;3.3;;;;
5.42E+00;PFBS;2.60E+05;0.251;299.1;0;1;-3.36;0;1.17;2.26;676;8;;1.1
5.63E+00;PFBS;4.25E+05;0.251;299.1;0;1;-3.36;0;1.17;2.26;752;7.95;;1.05
5.33E+00;PFPeA;2.12E+05;-0.54;264.05;0;1;-3.72;0;1.05;2.43;676;8;;1.1
5.66E+00;PFPeA;4.54E+05;-0.54;264.05;0;1;-3.72;0;1.05;2.43;752;7.95;;1.05
5.44E+00;PFHxA;2.76E+05;0.18;314.05;0;1;-4.59;0;1.22;2.45;676;8;;1.1
5.45E+00;PFHxA;2.83E+05;0.18;314.05;0;1;-4.59;0;1.22;2.45;752;7.95;;1.05
5.65E+00;PFHxS;4.42E+05;1.65;400.11;0;1;-5;0;1.52;3.3;676;8;;1.1
5.49E+00;PFHpA;3.10E+05;0.88;364.06;0;1;-5.42;0;1.4;3.77;676;8;;1.1
5.69E+00;PFHpA;4.87E+05;0.88;364.06;0;1;-5.42;0;1.4;3.77;752;7.95;;1.05
4.34E+00;PFHpA;2.17E+04;0.88;364.06;0;1;-5.42;0;1.4;3.77;810;6;;-0.9
4.90E+00;PFBS;7.91E+04;0.251;299.1;0;1;-3.36;0;1.17;2.26;810;6;;-0.9
5.52E+00;PFHxS;3.28E+05;1.65;400.11;0;1;-5;0;1.52;3.3;810;6;;-0.9
3.82E+00;PFPeA;6.61E+03;-0.54;264.05;0;1;-3.72;0;1.05;2.43;1002;7.8;;0.9
4.40E+00;PFBS;2.50E+04;0.251;299.1;0;1;-3.36;0;1.17;2.26;1002;7.8;;0.9
4.23E+00;PFHxA;1.70E+04;0.18;314.05;0;1;-4.59;0;1.22;2.45;1002;7.8;;0.9
4.22E+00;PFHpA;1.66E+04;0.88;364.06;0;1;-5.42;0;1.4;3.77;1002;7.8;;0.9
4.59E+00;PFHxS;3.89E+04;1.65;400.11;0;1;-5;0;1.52;3.3;1002;7.8;;0.9
4.23E+00;PFPeA;1.71E+04;-0.54;264.05;0;1;-3.72;0;1.05;2.43;992;9.7;;2.8
4.57E+00;PFBS;3.75E+04;0.251;299.1;0;1;-3.36;0;1.17;2.26;992;9.7;;2.8
4.59E+00;PFHxA;3.91E+04;0.18;314.05;0;1;-4.59;0;1.22;2.45;992;9.7;;2.8
4.61E+00;PFHpA;4.04E+04;0.88;364.06;0;1;-5.42;0;1.4;3.77;992;9.7;;2.8
4.89E+00;PFHxS;7.78E+04;1.65;400.11;0;1;-5;0;1.52;3.3;992;9.7;;2.8
4.01E+00;PFPeA;1.02E+04;-0.54;264.05;0;1;-3.72;0;1.05;2.43;840;9.7;;2.8
4.50E+00;PFBS;3.19E+04;0.251;299.1;0;1;-3.36;0;1.17;2.26;840;9.7;;2.8
4.31E+00;PFHxA;2.04E+04;0.18;314.05;0;1;-4.59;0;1.22;2.45;840;9.7;;2.8
4.39E+00;PFHpA;2.43E+04;0.88;364.06;0;1;-5.42;0;1.4;3.77;840;9.7;;2.8
4.77E+00;PFHxS;5.89E+04;1.65;400.11;0;1;-5;0;1.52;3.3;840;9.7;;2.8
4.14E+00;PFPeA;1.39E+04;-0.54;264.05;0;1;-3.72;0;1.05;2.43;897;9.8;;2.9
4.51E+00;PFBS;3.23E+04;0.251;299.1;0;1;-3.36;0;1.17;2.26;897;9.8;;2.9
4.36E+00;PFHxA;2.31E+04;0.18;314.05;0;1;-4.59;0;1.22;2.45;897;9.8;;2.9
4.50E+00;PFHpA;3.16E+04;0.88;364.06;0;1;-5.42;0;1.4;3.77;897;9.8;;2.9
4.82E+00;PFHxS;6.54E+04;1.65;400.11;0;1;-5;0;1.52;3.3;897;9.8;;2.9
5.36E+00;PFPeA;2.28E+05;-0.54;264.05;0;1;-3.72;0;1.05;2.43;958;9.81;1.44;2.91
6.16E+00;PFHxS;1.45E+06;1.65;400.11;0;1;-5;0;1.52;3.3;958;9.81;1.44;2.91
5.84E+00;PFHpA;6.97E+05;0.88;364.06;0;1;-5.42;0;1.4;3.77;958;9.81;1.44;2.91
5.63E+00;PFHxA;4.28E+05;0.18;314.05;0;1;-4.59;0;1.22;2.45;958;9.81;1.44;2.91
5.47E+00;AFBA;2.92E+05;-4.5;290.06;0;1;-3.39;0;1.6;2.96;958;9.81;1.44;2.91
5.85E+00;PFBS;7.05E+05;0.251;299.1;0;1;-3.36;0;1.17;2.26;958;9.81;1.44;2.91
4.95E+00;PFPeA;8.94E+04;-0.54;264.05;0;1;-3.72;0;1.05;2.43;1004;5.95;3.5;-0.95
5.09E+00;PFHxA;1.22E+05;0.18;314.05;0;1;-4.59;0;1.22;2.45;1004;5.95;3.5;-0.95
5.15E+00;PFBS;1.42E+05;0.251;299.1;0;1;-3.36;0;1.17;2.26;1004;5.95;3.5;-0.95
5.24E+00;AFBA;1.72E+05;-4.5;290.06;0;1;-3.39;0;1.6;2.96;1004;5.95;3.5;-0.95
5.31E+00;PFHpA;2.02E+05;0.88;364.06;0;1;-5.42;0;1.4;3.77;1004;5.95;3.5;-0.95
5.62E+00;PFHxS;4.16E+05;1.65;400.11;0;1;-5;0;1.52;3.3;1004;5.95;3.5;-0.95
5.43E+00;PFPeA;2.68E+05;-0.54;264.05;0;1;-3.72;0;1.05;2.43;1099;9.9;0.53;3
5.55E+00;PFHxA;3.51E+05;0.18;314.05;0;1;-4.59;0;1.22;2.45;1099;9.9;0.53;3
6.06E+00;PFBS;1.15E+06;0.251;299.1;0;1;-3.36;0;1.17;2.26;1099;9.9;0.53;3
6.09E+00;AFBA;1.23E+06;-4.5;290.06;0;1;-3.39;0;1.6;2.96;1099;9.9;0.53;3
6.11E+00;PFHpA;1.29E+06;0.88;364.06;0;1;-5.42;0;1.4;3.77;1099;9.9;0.53;3
6.28E+00;PFHxS;1.90E+06;1.65;400.11;0;1;-5;0;1.52;3.3;1099;9.9;0.53;3
6.22E+00;PFPeA;1.67E+06;-0.54;264.05;0;1;-3.72;0;1.05;2.43;1079;9.74;0.61;2.84
6.53E+00;PFHxA;3.38E+06;0.18;314.05;0;1;-4.59;0;1.22;2.45;1079;9.74;0.61;2.84
6.66E+00;PFBS;4.61E+06;0.251;299.1;0;1;-3.36;0;1.17;2.26;1079;9.74;0.61;2.84
6.12E+00;AFBA;1.32E+06;-4.5;290.06;0;1;-3.39;0;1.6;2.96;1079;9.74;0.61;2.84
6.73E+00;PFHpA;5.39E+06;0.88;364.06;0;1;-5.42;0;1.4;3.77;1079;9.74;0.61;2.84
6.82E+00;PFHxS;6.66E+06;1.65;400.11;0;1;-5;0;1.52;3.3;1079;9.74;0.61;2.84
6.27E+00;PFHxA;1.88E+06;0.18;314.05;0;1;-4.59;0;1.22;2.45;1067;8.8;7.8;1.9
6.13E+00;PFBS;1.34E+06;0.251;299.1;0;1;-3.36;0;1.17;2.26;1067;8.8;7.8;1.9
5.73E+00;PFPeA;5.32E+05;-0.54;264.05;0;1;-3.72;0;1.05;2.43;1067;8.8;7.8;1.9
4.68E+00;PFBA;4.82E+04;-1.22;214.039;0;1;-2.82;0;0.871;1.81;1067;8.8;7.8;1.9
5.54E+00;PFHxA;3.47E+05;0.18;314.05;0;1;-4.59;0;1.22;2.45;1064;8.7;8.8;1.8
5.29E+00;PFBS;1.95E+05;0.251;299.1;0;1;-3.36;0;1.17;2.26;1064;8.7;8.8;1.8
4.45E+00;PFPeA;2.82E+04;-0.54;264.05;0;1;-3.72;0;1.05;2.43;1064;8.7;8.8;1.8
4.02E+00;PFBA;1.04E+04;-1.22;214.039;0;1;-2.82;0;0.871;1.81;1064;8.7;8.8;1.8
5.62E+00;PFHxA;4.21E+05;0.18;314.05;0;1;-4.59;0;1.22;2.45;1086;7.9;9.3;1
5.23E+00;PFBS;1.70E+05;0.251;299.1;0;1;-3.36;0;1.17;2.26;1086;7.9;9.3;1
4.28E+00;PFPeA;1.90E+04;-0.54;264.05;0;1;-3.72;0;1.05;2.43;1086;7.9;9.3;1
3.79E+00;PFBA;6.10E+03;-1.22;214.039;0;1;-2.82;0;0.871;1.81;1086;7.9;9.3;1
5.75E+00;PFHxA;5.68E+05;0.18;314.05;0;1;-4.59;0;1.22;2.45;955;3.9;16.3;-3
4.38E+00;PFBS;2.38E+04;0.251;299.1;0;1;-3.36;0;1.17;2.26;955;3.9;16.3;-3
4.61E+00;PFPeA;4.07E+04;-0.54;264.05;0;1;-3.72;0;1.05;2.43;955;3.9;16.3;-3
3.79E+00;PFBA;6.19E+03;-1.22;214.039;0;1;-2.82;0;0.871;1.81;955;3.9;16.3;-3
4.98E+00;PFHpA;9.65E+04;0.88;364.06;0;1;-5.42;0;1.4;3.77;900;7;;0.1
4.56E+00;PFBS;3.61E+04;0.251;299.1;0;1;-3.36;0;1.17;2.26;900;7;;0.1
5.20E+00;PFHxS;1.60E+05;1.65;400.11;0;1;-5;0;1.52;3.3;900;7;;0.1
3.22E+00;PFBA;1.67E+03;-1.22;214.039;0;1;-2.82;0;0.871;1.81;950;7;;0.1
3.35E+00;PFPeA;2.25E+03;-0.54;264.05;0;1;-3.72;0;1.05;2.43;950;7;;0.1
3.36E+00;PFHxA;2.30E+03;0.18;314.05;0;1;-4.59;0;1.22;2.45;950;7;;0.1
3.45E+00;PFHpA;2.81E+03;0.88;364.06;0;1;-5.42;0;1.4;3.77;950;7;;0.1
3.31E+00;PFBS;2.04E+03;0.251;299.1;0;1;-3.36;0;1.17;2.26;950;7;;0.1
3.50E+00;PFPeS;3.20E+03;0.95;350.11;0;1;-4.2;0;1.35;3.01;950;7;;0.1
3.58E+00;PFHxS;3.77E+03;1.65;400.11;0;1;-5;0;1.52;3.3;950;7;;0.1
3.43E+00;PFPeA;2.69E+03;-0.54;264.05;0;1;-3.72;0;1.05;2.43;950;7;;0.1
3.39E+00;FBSA;2.46E+03;1.11;299.11;0;1;-0.08;0;1.68;2.95;950;7;;0.1
5.04E+00;PFHxS;1.10E+05;1.65;400.11;0;1;-5;0;1.52;3.3;759;;;
6.01E+00;PFHpA;1.03E+06;0.88;364.06;0;1;-5.42;0;1.4;3.77;262;;;
4.67E+00;PFHpA;4.68E+04;0.88;364.06;0;1;-5.42;0;1.4;3.77;171;;;
4.44E+00;PFHpA;2.75E+04;0.88;364.06;0;1;-5.42;0;1.4;3.77;944;;;
4.80E+00;PFHxA;6.31E+04;0.18;314.05;0;1;-4.59;0;1.22;2.45;262;;;
3.35E+00;PFHxA;2.21E+03;0.18;314.05;0;1;-4.59;0;1.22;2.45;171;;;
5.16E+00;PFBS;1.46E+05;0.251;299.1;0;1;-3.36;0;1.17;2.26;964;8;;1.1
6.59E+00;PFHxS;3.88E+06;1.65;400.11;0;1;-5;0;1.52;3.3;964;8;;1.1
5.72E+00;PFPeA;5.19E+05;-0.54;264.05;0;1;-3.72;0;1.05;2.43;964;8;;1.1
5.89E+00;GenX;7.80E+05;0.47;330.05;0;1;-4.82;0;1.28;2.075;964;8;;1.1
5.34E+00;PFBS;2.18E+05;0.251;299.1;0;1;-3.36;0;1.17;2.26;1296;8.8;;1.9
5.34E+00;PFHxS;2.19E+05;1.65;400.11;0;1;-5;0;1.52;3.3;1296;8.8;;1.9
4.01E+00;PFPeA;1.03E+04;-0.54;264.05;0;1;-3.72;0;1.05;2.43;1296;8.8;;1.9
4.41E+00;GenX;2.57E+04;0.47;330.05;0;1;-4.82;0;1.28;2.075;1296;8.8;;1.9
4.97E+00;PFBS;9.33E+04;0.251;299.1;0;1;-3.36;0;1.17;2.26;1003;9.5;;2.6
4.24E+00;PFBS;1.74E+04;0.251;299.1;0;1;-3.36;0;1.17;2.26;948;6.7;;-0.2
4.46E+00;PFBS;2.88E+04;0.251;299.1;0;1;-3.36;0;1.17;2.26;1003;9.5;;2.6
3.90E+00;PFBS;7.94E+03;0.251;299.1;0;1;-3.36;0;1.17;2.26;948;6.7;;-0.2
4.30E+00;PFBS;2.00E+04;0.251;299.1;0;1;-3.36;0;1.17;2.26;1003;9.5;;2.6
3.87E+00;PFBS;7.41E+03;0.251;299.1;0;1;-3.36;0;1.17;2.26;948;6.7;;-0.2
4.70E+00;PFPeA;5.01E+04;-0.54;264.05;0;1;-3.72;0;1.05;2.43;1003;9.5;;2.6
4.11E+00;PFPeA;1.29E+04;-0.54;264.05;0;1;-3.72;0;1.05;2.43;948;6.7;;-0.2
4.03E+00;PFPeA;1.07E+04;-0.54;264.05;0;1;-3.72;0;1.05;2.43;1003;9.5;;2.6
3.38E+00;PFPeA;2.40E+03;-0.54;264.05;0;1;-3.72;0;1.05;2.43;948;6.7;;-0.2
3.44E+00;PFPeA;2.75E+03;-0.54;264.05;0;1;-3.72;0;1.05;2.43;1003;9.5;;2.6
3.41E+00;PFPeA;2.57E+03;-0.54;264.05;0;1;-3.72;0;1.05;2.43;948;6.7;;-0.2
4.37E+00;PFBA;2.35E+04;-1.22;214.039;0;1;-2.82;0;0.871;1.81;1054;7.6;0.6;0.7
4.57E+00;PFBA;3.72E+04;-1.22;214.039;0;1;-2.82;0;0.871;1.81;1003;6.7;0.57;-0.2
4.61E+00;PFBA;4.12E+04;-1.22;214.039;0;1;-2.82;0;0.871;1.81;993;7.6;1.3;0.7
4.52E+00;PFBA;3.33E+04;-1.22;214.039;0;1;-2.82;0;0.871;1.81;945;6.6;1.5;-0.3
3.84E+00;PFBA;6.86E+03;-1.22;214.039;0;1;-2.82;0;0.871;1.81;1047;6.7;1.65;-0.2
3.63E+00;PFBA;4.31E+03;-1.22;214.039;0;1;-2.82;0;0.871;1.81;982;6.4;2.9;-0.5
4.87E+00;PFPeA;7.35E+04;-0.54;264.05;0;1;-3.72;0;1.05;2.43;1054;7.6;0.6;0.7
5.12E+00;PFPeA;1.31E+05;-0.54;264.05;0;1;-3.72;0;1.05;2.43;1003;6.7;0.57;-0.2
5.11E+00;PFPeA;1.28E+05;-0.54;264.05;0;1;-3.72;0;1.05;2.43;993;7.6;1.3;0.7
5.00E+00;PFPeA;1.01E+05;-0.54;264.05;0;1;-3.72;0;1.05;2.43;945;6.6;1.5;-0.3
4.34E+00;PFPeA;2.21E+04;-0.54;264.05;0;1;-3.72;0;1.05;2.43;1047;6.7;1.65;-0.2
3.89E+00;PFPeA;7.68E+03;-0.54;264.05;0;1;-3.72;0;1.05;2.43;982;6.4;2.9;-0.5
5.02E+00;PFHxA;1.05E+05;0.18;314.05;0;1;-4.59;0;1.22;2.45;1054;7.6;0.6;0.7
5.11E+00;PFHxA;1.30E+05;0.18;314.05;0;1;-4.59;0;1.22;2.45;1003;6.7;0.57;-0.2
5.10E+00;PFHxA;1.25E+05;0.18;314.05;0;1;-4.59;0;1.22;2.45;993;7.6;1.3;0.7
5.07E+00;PFHxA;1.17E+05;0.18;314.05;0;1;-4.59;0;1.22;2.45;945;6.6;1.5;-0.3
4.68E+00;PFHxA;4.76E+04;0.18;314.05;0;1;-4.59;0;1.22;2.45;1047;6.7;1.65;-0.2
4.65E+00;PFHxA;4.48E+04;0.18;314.05;0;1;-4.59;0;1.22;2.45;982;6.4;2.9;-0.5
4.23E+00;PFHpA;1.72E+04;0.88;364.06;0;1;-5.42;0;1.4;3.77;1054;7.6;0.6;0.7
4.41E+00;PFHpA;2.56E+04;0.88;364.06;0;1;-5.42;0;1.4;3.77;1003;6.7;0.57;-0.2
4.34E+00;PFHpA;2.21E+04;0.88;364.06;0;1;-5.42;0;1.4;3.77;993;7.6;1.3;0.7
4.31E+00;PFHpA;2.03E+04;0.88;364.06;0;1;-5.42;0;1.4;3.77;945;6.6;1.5;-0.3
4.16E+00;PFHpA;1.44E+04;0.88;364.06;0;1;-5.42;0;1.4;3.77;1047;6.7;1.65;-0.2
4.01E+00;PFHpA;1.03E+04;0.88;364.06;0;1;-5.42;0;1.4;3.77;982;6.4;2.9;-0.5
4.92E+00;GenX;8.31E+04;0.47;330.05;0;1;-4.82;0;1.28;2.075;1054;7.6;0.6;0.7
5.11E+00;GenX;1.29E+05;0.47;330.05;0;1;-4.82;0;1.28;2.075;1003;6.7;0.57;-0.2
5.03E+00;GenX;1.07E+05;0.47;330.05;0;1;-4.82;0;1.28;2.075;993;7.6;1.3;0.7
4.99E+00;GenX;9.69E+04;0.47;330.05;0;1;-4.82;0;1.28;2.075;945;6.6;1.5;-0.3
4.60E+00;GenX;3.95E+04;0.47;330.05;0;1;-4.82;0;1.28;2.075;1047;6.7;1.65;-0.2
3.85E+00;GenX;7.00E+03;0.47;330.05;0;1;-4.82;0;1.28;2.075;982;6.4;2.9;-0.5
3.11E+00;TFMS;1.28E+03;-3.8;150.08;0;1;-0.61;0;0.642;0.352;1054;7.6;0.6;0.7
3.16E+00;TFMS;1.44E+03;-3.8;150.08;0;1;-0.61;0;0.642;0.352;1003;6.7;0.57;-0.2
2.90E+00;TFMS;8.00E+02;-3.8;150.08;0;1;-0.61;0;0.642;0.352;993;7.6;1.3;0.7
3.26E+00;TFMS;1.80E+03;-3.8;150.08;0;1;-0.61;0;0.642;0.352;945;6.6;1.5;-0.3
2.51E+00;TFMS;3.20E+02;-3.8;150.08;0;1;-0.61;0;0.642;0.352;1047;6.7;1.65;-0.2
2.68E+00;TFMS;4.80E+02;-3.8;150.08;0;1;-0.61;0;0.642;0.352;982;6.4;2.9;-0.5
4.17E+00;PFBS;1.48E+04;0.251;299.1;0;1;-3.36;0;1.17;2.26;1054;7.6;0.6;0.7
4.23E+00;PFBS;1.70E+04;0.251;299.1;0;1;-3.36;0;1.17;2.26;1003;6.7;0.57;-0.2
4.22E+00;PFBS;1.68E+04;0.251;299.1;0;1;-3.36;0;1.17;2.26;993;7.6;1.3;0.7
4.20E+00;PFBS;1.59E+04;0.251;299.1;0;1;-3.36;0;1.17;2.26;945;6.6;1.5;-0.3
3.88E+00;PFBS;7.65E+03;0.251;299.1;0;1;-3.36;0;1.17;2.26;1047;6.7;1.65;-0.2
3.79E+00;PFBS;6.15E+03;0.251;299.1;0;1;-3.36;0;1.17;2.26;982;6.4;2.9;-0.5
4.69E+00;PFHxS;4.85E+04;1.65;400.11;0;1;-5;0;1.52;3.3;1054;7.6;0.6;0.7
4.70E+00;PFHxS;5.07E+04;1.65;400.11;0;1;-5;0;1.52;3.3;1003;6.7;0.57;-0.2
4.69E+00;PFHxS;4.91E+04;1.65;400.11;0;1;-5;0;1.52;3.3;993;7.6;1.3;0.7
4.68E+00;PFHxS;4.78E+04;1.65;400.11;0;1;-5;0;1.52;3.3;945;6.6;1.5;-0.3
4.64E+00;PFHxS;4.36E+04;1.65;400.11;0;1;-5;0;1.52;3.3;1047;6.7;1.65;-0.2
4.52E+00;PFHxS;3.28E+04;1.65;400.11;0;1;-5;0;1.52;3.3;982;6.4;2.9;-0.5
5.88E+00;Salbutamol;7.60E+05;-1.64;239.2;1;0;1.2;1;2.08;1.52;2142;4.8;9.19;-2.1
5.73E+00;Salbutamol;5.43E+05;-1.64;239.2;1;0;1.2;1;2.08;1.52;1757;6.2;8.42;-0.7
5.30E+00;Sulfamethoxazole;1.98E+05;0.14;253.28;0;1;-1.03;1;1.72;2.41;2142;4.8;9.19;-2.1
4.80E+00;Sulfamethoxazole;6.33E+04;0.14;253.28;0;1;-1.03;1;1.72;2.41;1757;6.2;8.42;-0.7
5.98E+00;Trimethoprim;9.50E+05;0.92;290.3;1;0;-2.42;1;2.21;2.86;2142;4.8;9.19;-2.1
5.90E+00;Trimethoprim;7.92E+05;0.92;290.3;1;0;-2.42;1;2.21;2.86;1757;6.2;8.42;-0.7
6.00E+00;Venlafaxine;1.00E+06;0.74;277.4;1;0;-0.57;1;2.62;2.94;2142;4.8;9.19;-2.1
5.92E+00;Venlafaxine;8.26E+05;0.74;277.4;1;0;-0.57;1;2.62;2.94;1757;6.2;8.42;-0.7
6.05E+00;o-desmehtylvenlafaxine;1.12E+06;0.59;263.4;1;0;-0.31;1;2.36;3.24;2142;4.8;9.19;-2.1
5.96E+00;o-desmehtylvenlafaxine;9.05E+05;0.59;263.4;1;0;-0.31;1;2.36;3.24;1757;6.2;8.42;-0.7
6.08E+00;Ofloxacine;1.20E+06;-0.8;361.4;0;0;-2.21;1;2.44;1.09;2142;4.8;9.19;-2.1
5.85E+00;Ofloxacine;7.08E+05;-0.8;361.4;0;0;-2.21;1;2.44;1.09;1757;6.2;8.42;-0.7
6.24E+00;Metoprolol;1.72E+06;-0.47;267.3;1;0;0.3;1;2.59;2.06;2142;4.8;9.19;-2.1
6.15E+00;Metoprolol;1.41E+06;-0.47;267.3;1;0;0.3;1;2.59;2.06;1757;6.2;8.42;-0.7
6.03E+00;Metoprolol Acid;1.06E+06;-1.24;267.3;0;1;-1.47;1;3.3;1.23;2142;4.8;9.19;-2.1
5.86E+00;Metoprolol Acid;7.19E+05;-1.24;267.3;0;1;-1.47;1;3.3;1.23;1757;6.2;8.42;-0.7
5.16E+00;Ketoprofen;1.44E+05;0.72;254.3;0;1;-0.85;2;2.12;2.59;2142;4.8;9.19;-2.1
4.76E+00;Ketoprofen;5.75E+04;0.72;254.3;0;1;-0.85;2;2.12;2.59;1757;6.2;8.42;-0.7
5.09E+00;Iopromide;1.23E+05;-0.44;791.1;0;0;-2.24;1;3.64;1;2142;4.8;9.19;-2.1
4.77E+00;Iopromide;5.91E+04;-0.44;791.1;0;0;-2.24;1;3.64;1;1757;6.2;8.42;-0.7
5.86E+00;Furosemide;7.21E+05;-1.45;330.7;0;1;-3.18;1;2.06;2.04;2142;4.8;9.19;-2.1
5.39E+00;Furosemide;2.46E+05;-1.45;330.7;0;1;-3.18;1;2.06;2.04;1757;6.2;8.42;-0.7
5.77E+00;Gemfibrozil;5.86E+05;1.85;250.3;0;1;-0.73;1;2.4;2.64;2142;4.8;9.19;-2.1
5.42E+00;Gemfibrozil;2.66E+05;1.85;250.3;0;1;-0.73;1;2.4;2.64;1757;6.2;8.42;-0.7
5.93E+00;Erythromycin;8.59E+05;0.6;733.9;1;0;-0.27;0;6.07;2.75;2142;4.8;9.19;-2.1
5.70E+00;Erythromycin;5.00E+05;0.6;733.9;1;0;-0.27;0;6.07;2.75;1757;6.2;8.42;-0.7
5.84E+00;Ciprofloxacin;6.85E+05;-0.86;331.347;1;1;-2.27;1;2.3;1.55;2142;4.8;9.19;-2.1
5.28E+00;Ciprofloxacin;1.89E+05;-0.86;331.347;1;1;-2.27;1;2.3;1.55;1757;6.2;8.42;-0.7
5.78E+00;Diclofenac;6.01E+05;1.38;296.2;0;1;-1.3;2;2.07;2.66;2142;4.8;9.19;-2.1
5.32E+00;Diclofenac;2.07E+05;1.38;296.2;0;1;-1.3;2;2.07;2.66;1757;6.2;8.42;-0.7
5.91E+00;Bezafibrate;8.12E+05;0.97;361.8;0;1;-1.69;2;2.87;2.62;2142;4.8;9.19;-2.1
5.67E+00;Bezafibrate;4.68E+05;0.97;361.8;0;1;-1.69;2;2.87;2.62;1757;6.2;8.42;-0.7
6.22E+00;Carbamazepine;1.67E+06;2.77;236.3;0;0;-3.79;2;1.87;3.12;2142;4.8;9.19;-2.1
5.58E+00;Carbamazepine;3.83E+05;2.77;236.3;0;0;-3.79;2;1.87;3.12;1757;6.2;8.42;-0.7
6.25E+00;Azithromycin;1.80E+06;-3.06;749;1;0;0.38;0;6.33;3.5;2142;4.8;9.19;-2.1
5.91E+00;Azithromycin;8.12E+05;-3.06;749;1;0;0.38;0;6.33;3.5;1757;6.2;8.42;-0.7
5.31E+00;Salbutamol;2.03E+05;-1.64;239.2;1;0;1.2;1;2.08;1.52;1276;8.5;1.7;1.6
4.83E+00;Salbutamol;6.76E+04;-1.64;239.2;1;0;1.2;1;2.08;1.52;850;7.8;5.66;0.9
5.51E+00;Sulfamethoxazole;3.23E+05;0.14;253.28;0;1;-1.03;1;1.72;2.41;1276;8.5;1.7;1.6
5.11E+00;Sulfamethoxazole;1.30E+05;0.14;253.28;0;1;-1.03;1;1.72;2.41;850;7.8;5.66;0.9
5.38E+00;Trimethoprim;2.40E+05;0.92;290.3;1;0;-2.42;1;2.21;2.86;1276;8.5;1.7;1.6
4.98E+00;Trimethoprim;9.50E+04;0.92;290.3;1;0;-2.42;1;2.21;2.86;850;7.8;5.66;0.9
5.51E+00;Venlafaxine;3.24E+05;0.74;277.4;1;0;-0.57;1;2.62;2.94;1276;8.5;1.7;1.6
4.96E+00;Venlafaxine;9.04E+04;0.74;277.4;1;0;-0.57;1;2.62;2.94;850;7.8;5.66;0.9
5.43E+00;o-desmehtylvenlafaxine;2.68E+05;0.59;263.4;1;0;-0.31;1;2.36;3.24;1276;8.5;1.7;1.6
4.81E+00;o-desmehtylvenlafaxine;6.47E+04;0.59;263.4;1;0;-0.31;1;2.36;3.24;850;7.8;5.66;0.9
5.22E+00;Ofloxacine;1.65E+05;-0.8;361.4;0;0;-2.21;1;2.44;1.09;1276;8.5;1.7;1.6
4.28E+00;Ofloxacine;1.89E+04;-0.8;361.4;0;0;-2.21;1;2.44;1.09;850;7.8;5.66;0.9
5.72E+00;Metoprolol;5.21E+05;-0.47;267.3;1;0;0.3;1;2.59;2.06;1276;8.5;1.7;1.6
5.21E+00;Metoprolol;1.62E+05;-0.47;267.3;1;0;0.3;1;2.59;2.06;850;7.8;5.66;0.9
5.56E+00;Metoprolol Acid;3.65E+05;-1.24;267.3;0;1;-1.47;1;3.3;1.23;1276;8.5;1.7;1.6
5.11E+00;Metoprolol Acid;1.30E+05;-1.24;267.3;0;1;-1.47;1;3.3;1.23;850;7.8;5.66;0.9
4.94E+00;Ketoprofen;8.76E+04;0.72;254.3;0;1;-0.85;2;2.12;2.59;1276;8.5;1.7;1.6
4.73E+00;Ketoprofen;5.32E+04;0.72;254.3;0;1;-0.85;2;2.12;2.59;850;7.8;5.66;0.9
4.95E+00;Iopromide;9.00E+04;-0.44;791.1;0;0;-2.24;1;3.64;1;1276;8.5;1.7;1.6
4.28E+00;Iopromide;1.89E+04;-0.44;791.1;0;0;-2.24;1;3.64;1;850;7.8;5.66;0.9
5.25E+00;Furosemide;1.79E+05;-1.45;330.7;0;1;-3.18;1;2.06;2.04;1276;8.5;1.7;1.6
4.99E+00;Furosemide;9.77E+04;-1.45;330.7;0;1;-3.18;1;2.06;2.04;850;7.8;5.66;0.9
5.54E+00;Gemfibrozil;3.43E+05;1.85;250.3;0;1;-0.73;1;2.4;2.64;1276;8.5;1.7;1.6
5.01E+00;Gemfibrozil;1.00E+05;1.85;250.3;0;1;-0.73;1;2.4;2.64;850;7.8;5.66;0.9
5.47E+00;Erythromycin;2.96E+05;0.6;733.9;1;0;-0.27;0;6.07;2.75;1276;8.5;1.7;1.6
5.09E+00;Erythromycin;1.23E+05;0.6;733.9;1;0;-0.27;0;6.07;2.75;850;7.8;5.66;0.9
4.95E+00;Ciprofloxacin;9.00E+04;-0.86;331.347;1;1;-2.27;1;2.3;1.55;1276;8.5;1.7;1.6
4.65E+00;Ciprofloxacin;4.50E+04;-0.86;331.347;1;1;-2.27;1;2.3;1.55;850;7.8;5.66;0.9
5.51E+00;Diclofenac;3.20E+05;1.38;296.2;0;1;-1.3;2;2.07;2.66;1276;8.5;1.7;1.6
4.98E+00;Diclofenac;9.50E+04;1.38;296.2;0;1;-1.3;2;2.07;2.66;850;7.8;5.66;0.9
5.50E+00;Bezafibrate;3.13E+05;0.97;361.8;0;1;-1.69;2;2.87;2.62;1276;8.5;1.7;1.6
4.96E+00;Bezafibrate;9.12E+04;0.97;361.8;0;1;-1.69;2;2.87;2.62;850;7.8;5.66;0.9
5.60E+00;Carbamazepine;3.97E+05;2.77;236.3;0;0;-3.79;2;1.87;3.12;1276;8.5;1.7;1.6
5.14E+00;Carbamazepine;1.38E+05;2.77;236.3;0;0;-3.79;2;1.87;3.12;850;7.8;5.66;0.9
5.46E+00;Azithromycin;2.88E+05;-3.06;749;1;0;0.38;0;6.33;3.5;1276;8.5;1.7;1.6
4.86E+00;Azithromycin;7.19E+04;-3.06;749;1;0;0.38;0;6.33;3.5;850;7.8;5.66;0.9
4.68E+00;Salbutamol;4.80E+04;-1.64;239.2;1;0;1.2;1;2.08;1.52;1183;8.9;4.33;2
4.94E+00;Salbutamol;8.68E+04;-1.64;239.2;1;0;1.2;1;2.08;1.52;933;10.4;3.35;3.5
4.83E+00;Sulfamethoxazole;6.76E+04;0.14;253.28;0;1;-1.03;1;1.72;2.41;1183;8.9;4.33;2
4.92E+00;Sulfamethoxazole;8.30E+04;0.14;253.28;0;1;-1.03;1;1.72;2.41;933;10.4;3.35;3.5
5.04E+00;Trimethoprim;1.09E+05;0.92;290.3;1;0;-2.42;1;2.21;2.86;1183;8.9;4.33;2
4.99E+00;Trimethoprim;9.70E+04;0.92;290.3;1;0;-2.42;1;2.21;2.86;933;10.4;3.35;3.5
4.88E+00;Venlafaxine;7.61E+04;0.74;277.4;1;0;-0.57;1;2.62;2.94;1183;8.9;4.33;2
5.06E+00;Venlafaxine;1.15E+05;0.74;277.4;1;0;-0.57;1;2.62;2.94;933;10.4;3.35;3.5
4.67E+00;o-desmehtylvenlafaxine;4.72E+04;0.59;263.4;1;0;-0.31;1;2.36;3.24;1183;8.9;4.33;2
4.95E+00;o-desmehtylvenlafaxine;8.93E+04;0.59;263.4;1;0;-0.31;1;2.36;3.24;933;10.4;3.35;3.5
4.27E+00;Ofloxacine;1.88E+04;-0.8;361.4;0;0;-2.21;1;2.44;1.09;1183;8.9;4.33;2
4.65E+00;Ofloxacine;4.50E+04;-0.8;361.4;0;0;-2.21;1;2.44;1.09;933;10.4;3.35;3.5
5.40E+00;Metoprolol;2.49E+05;-0.47;267.3;1;0;0.3;1;2.59;2.06;1183;8.9;4.33;2
5.27E+00;Metoprolol;1.85E+05;-0.47;267.3;1;0;0.3;1;2.59;2.06;933;10.4;3.35;3.5
5.20E+00;Metoprolol Acid;1.58E+05;-1.24;267.3;0;1;-1.47;1;3.3;1.23;1183;8.9;4.33;2
5.24E+00;Metoprolol Acid;1.74E+05;-1.24;267.3;0;1;-1.47;1;3.3;1.23;933;10.4;3.35;3.5
4.66E+00;Ketoprofen;4.55E+04;0.72;254.3;0;1;-0.85;2;2.12;2.59;1183;8.9;4.33;2
4.77E+00;Ketoprofen;5.83E+04;0.72;254.3;0;1;-0.85;2;2.12;2.59;933;10.4;3.35;3.5
4.21E+00;Iopromide;1.63E+04;-0.44;791.1;0;0;-2.24;1;3.64;1;1183;8.9;4.33;2
4.48E+00;Iopromide;3.00E+04;-0.44;791.1;0;0;-2.24;1;3.64;1;933;10.4;3.35;3.5
5.21E+00;Furosemide;1.62E+05;-1.45;330.7;0;1;-3.18;1;2.06;2.04;1183;8.9;4.33;2
5.05E+00;Furosemide;1.12E+05;-1.45;330.7;0;1;-3.18;1;2.06;2.04;933;10.4;3.35;3.5
5.21E+00;Gemfibrozil;1.63E+05;1.85;250.3;0;1;-0.73;1;2.4;2.64;1183;8.9;4.33;2
5.39E+00;Gemfibrozil;2.45E+05;1.85;250.3;0;1;-0.73;1;2.4;2.64;933;10.4;3.35;3.5
5.01E+00;Erythromycin;1.03E+05;0.6;733.9;1;0;-0.27;0;6.07;2.75;1183;8.9;4.33;2
5.07E+00;Erythromycin;1.17E+05;0.6;733.9;1;0;-0.27;0;6.07;2.75;933;10.4;3.35;3.5
4.31E+00;Ciprofloxacin;2.05E+04;-0.86;331.347;1;1;-2.27;1;2.3;1.55;1183;8.9;4.33;2
4.71E+00;Ciprofloxacin;5.07E+04;-0.86;331.347;1;1;-2.27;1;2.3;1.55;933;10.4;3.35;3.5
4.98E+00;Diclofenac;9.56E+04;1.38;296.2;0;1;-1.3;2;2.07;2.66;1183;8.9;4.33;2
5.41E+00;Diclofenac;2.58E+05;1.38;296.2;0;1;-1.3;2;2.07;2.66;933;10.4;3.35;3.5
5.01E+00;Bezafibrate;1.02E+05;0.97;361.8;0;1;-1.69;2;2.87;2.62;1183;8.9;4.33;2
5.61E+00;Bezafibrate;4.11E+05;0.97;361.8;0;1;-1.69;2;2.87;2.62;933;10.4;3.35;3.5
5.66E+00;Carbamazepine;4.52E+05;2.77;236.3;0;0;-3.79;2;1.87;3.12;1183;8.9;4.33;2
5.66E+00;Carbamazepine;4.60E+05;2.77;236.3;0;0;-3.79;2;1.87;3.12;933;10.4;3.35;3.5
5.53E+00;Azithromycin;3.35E+05;-3.06;749;1;0;0.38;0;6.33;3.5;1183;8.9;4.33;2
5.49E+00;Azithromycin;3.13E+05;-3.06;749;1;0;0.38;0;6.33;3.5;933;10.4;3.35;3.5
6.82E+00;Ditolylguanidine;6.64E+06;2.24;239.3;1;0;-3.92;2;2.21;4.17;1140;9.5;4.7;2.6
6.36E+00;Benzotriazole;2.30E+06;1.29;119.127;0;0;-1.21;1;0.864;2.17;1140;9.5;4.7;2.6
6.06E+00;Oxypurinol;1.15E+06;-0.64;152.11;0;1;-1.45;0;0.784;1;1140;9.5;4.7;2.6
5.95E+00;N-(3-(Dimethylamino)propyl)methacrylamide;8.96E+05;-1.85;170.25;1;0;1.56;0;1.85;1.61;1140;9.5;4.7;2.6
5.88E+00;Primidone;7.66E+05;1.12;218.26;0;0;-1.93;1;1.77;2.14;1140;9.5;4.7;2.6
6.01E+00;Dicyclohexyl sulfosuccinate;1.00E+06;0.42;362.44;0;1;-2.92;0;2.8;1.93;1140;9.5;4.7;2.6
6.02E+00;Benzyltrimethylammonium;1.04E+06;-2.25;150.24;1;0;0.83;1;1.65;2.4;1140;9.5;4.7;2.6
5.88E+00;Saccharine;7.67E+05;-0.49;183.18;0;1;0.24;1;1.18;1;1140;9.5;4.7;2.6
5.73E+00;Dimethylbenzenesulfonic acid;5.39E+05;-0.2;186.22;0;1;0.08;1;1.45;1.43;1140;9.5;4.7;2.6
5.36E+00;Melamine;2.30E+05;-0.59;126.12;0;0;-1.69;0;0.76;1.51;1140;9.5;4.7;2.6
5.70E+00;Valsartan acid (2? -(2H-tetrazol-5-yl)-[1,1? -biphenyl]-4-carboxylic acid);5.06E+05;-0.93;266.25;0;1;-0.42;2;1.88;2.86;1140;9.5;4.7;2.6
5.49E+00;p-Toluenesulfonic acid;3.07E+05;-0.71;172.2;0;1;0.37;1;1.28;1.21;1140;9.5;4.7;2.6
5.12E+00;Adamantan-1-amine;1.33E+05;-1.43;151.25;1;0;-2.17;0;1.42;3.12;1140;9.5;4.7;2.6
5.18E+00;Acesulfame;1.52E+05;-1.49;163.15;0;1;1.22;0;0.976;0.623;1140;9.5;4.7;2.6
4.87E+00;2-Acrylamido-2-methyl-1-propane sulfonic acid;7.33E+04;0.06;207.24;0;0;-1.47;0;1.64;1;1140;9.5;4.7;2.6
5.42E+00;Diatrizoic acid;2.66E+05;-0.62;613.91;0;1;-3.82;1;2.34;1;1140;9.5;4.7;2.6
4.24E+00;Acesulfame;1.74E+04;-1.49;163.15;0;1;1.22;0;0.976;0.623;1030;8.1;1.8;1.2
4.93E+00;Adamantan-1-amine;8.57E+04;-1.43;151.25;1;0;-2.17;0;1.42;3.12;1030;8.1;1.8;1.2
5.42E+00;Benzotriazole;2.65E+05;1.29;119.127;0;0;-1.21;1;0.864;2.17;1030;8.1;1.8;1.2
5.39E+00;Carbamazepine;2.44E+05;2.77;236.3;0;0;-3.79;2;1.87;3.12;1030;8.1;1.8;1.2
5.39E+00;Dimethylbenzenesulfonic acid;2.44E+05;-0.2;186.22;0;1;0.08;1;1.45;1.43;1030;8.1;1.8;1.2
4.64E+00;Formylaminoantipyrine;4.39E+04;0.1;231.26;0;0;-1.37;1;1.78;1.06;1030;8.1;1.8;1.2
4.11E+00;Gabapentin;1.28E+04;-1.27;171.24;1;1;-1.12;0;1.44;1.77;1030;8.1;1.8;1.2
4.05E+00;4-Hydroxy-1-(2-hydroxyethyl)-2,2,6,6,-tetramethylpiperidine;1.11E+04;-2.32;201.31;1;0;1.64;0;2.06;1;1030;8.1;1.8;1.2
5.53E+00;Melamine;3.41E+05;-0.59;126.12;0;0;-1.69;0;0.76;1.51;1030;8.1;1.8;1.2
5.35E+00;Primidone;2.26E+05;1.12;218.26;0;0;-1.93;1;1.77;2.14;1030;8.1;1.8;1.2
4.89E+00;Sulfamethoxazole;7.78E+04;0.14;253.28;0;1;-1.03;1;1.72;2.41;1030;8.1;1.8;1.2
6.21E+00;1,3-Diphenylguanidine;1.63E+06;1.03;211.268;1;0;-3.6;2;1.72;3.22;1260;6.3;3.9;-0.6
5.52E+00;1H-Benzotriazole;3.32E+05;1.29;119.127;0;0;-1.21;1;0.864;2.17;1260;6.3;3.9;-0.6
4.75E+00;2-Benzothiazolesulfonic acid;5.62E+04;-0.4;215.24;0;1;-2.37;1;1.31;1.78;1260;6.3;3.9;-0.6
5.90E+00;2-Naphthalenesulfonic acid;7.89E+05;-0.23;208.23;0;1;-3.01;2;1.425;2.04;1260;6.3;3.9;-0.6
5.95E+00;4-Hydroxyquinoline;8.81E+05;1.83;145.161;0;0;-1.55;2;1.103;3.31;1260;6.3;3.9;-0.6
5.13E+00;4-Nitrophenol;1.35E+05;1.35;139.11;0;1;-1.43;1;0.949;2.46;1260;6.3;3.9;-0.6
7.33E+00;7-(Ethylamino)-4-methylcoumarin;2.15E+07;1.91;203.24;1;0;-3.27;2;1.58;2.32;1260;6.3;3.9;-0.6
5.16E+00;Acesulfame;1.46E+05;-1.49;163.15;0;1;1.22;0;0.976;0.62;1260;6.3;3.9;-0.6
7.41E+00;Carbendazim;2.57E+07;1.8;191.19;1;0;-2.65;1;1.36;2.6;1260;6.3;3.9;-0.6
5.31E+00;Ciprofloxacin;2.02E+05;-0.86;331.347;1;1;-2.27;1;2.3;1.55;1260;6.3;3.9;-0.6
3.37E+00;Cyclohexylamine;2.32E+03;-1.72;99.177;1;0;1.03;0;0.945;2.16;1260;6.3;3.9;-0.6
5.67E+00;Diethylphthalate;4.68E+05;2.69;222.24;0;0;-2.72;1;1.71;2.02;1260;6.3;3.9;-0.6
4.76E+00;Gabapentin;5.73E+04;-1.27;171.24;1;1;-1.12;0;1.44;1.77;1260;6.3;3.9;-0.6
4.92E+00;Guanylurea;8.36E+04;-3.93;102.097;1;0;2.28;0;0.762;1.8;1260;6.3;3.9;-0.6
5.84E+00;Mecoprop;6.89E+05;-0.25;214.65;0;1;-2.95;1;1.54;1.68;1260;6.3;3.9;-0.6
5.67E+00;Pipamperone;4.64E+05;0.17;375.48;1;0;-1.45;1;2.96;3.95;1260;6.3;3.9;-0.6
5.77E+00;Sulfamethoxazole;5.93E+05;0.14;253.28;0;1;-1.03;1;1.72;2.41;1260;6.3;3.9;-0.6
4.13E+00;Tetraethylammonium;1.35E+04;-2.54;130.25;1;0;0.45;0;1.36;1.96;1260;6.3;3.9;-0.6
5.41E+00;Tramadol;2.59E+05;0.24;263.38;1;0;-0.16;1;2.23;2.69;1260;6.3;3.9;-0.6
4.33E+00;Triethylphosphate;2.14E+04;1.18;182.156;0;0;-1.21;0;1.39;1.81;1260;6.3;3.9;-0.6
6.19E+00;1,3-Diphenylguanidine;1.55E+06;1.03;211.268;1;0;-3.6;2;1.72;3.22;1255;9.5;1.4;2.6
5.21E+00;1H-Benzotriazole;1.64E+05;1.29;119.127;0;0;-1.21;1;0.864;2.17;1255;9.5;1.4;2.6
5.20E+00;2-Benzothiazolesulfonic acid;1.60E+05;-0.4;215.24;0;1;-2.37;1;1.31;1.78;1255;9.5;1.4;2.6
6.15E+00;2-Naphthalenesulfonic acid;1.41E+06;-0.23;208.23;0;1;-3.01;2;1.425;2.04;1255;9.5;1.4;2.6
5.78E+00;4-Hydroxyquinoline;6.05E+05;1.83;145.161;0;0;-1.55;2;1.103;3.31;1255;9.5;1.4;2.6
5.31E+00;4-Nitrophenol;2.05E+05;1.35;139.11;0;1;-1.43;1;0.949;2.46;1255;9.5;1.4;2.6
5.40E+00;Acesulfame;2.50E+05;-1.49;163.15;0;1;1.22;0;0.976;0.62;1255;9.5;1.4;2.6
6.49E+00;Carbendazim;3.08E+06;1.8;191.19;1;0;-2.65;1;1.36;2.6;1255;9.5;1.4;2.6
5.74E+00;Ciprofloxacin;5.49E+05;-0.86;331.347;1;1;-2.27;1;2.3;1.55;1255;9.5;1.4;2.6
3.56E+00;Cyclohexylamine;3.59E+03;-1.72;99.177;1;0;1.03;0;0.945;2.16;1255;9.5;1.4;2.6
5.81E+00;Diethylphthalate;6.50E+05;2.69;222.24;0;0;-2.72;1;1.71;2.02;1255;9.5;1.4;2.6
4.68E+00;Gabapentin;4.82E+04;-1.27;171.24;1;1;-1.12;0;1.44;1.77;1255;9.5;1.4;2.6
5.18E+00;Guanylurea;1.52E+05;-3.93;102.097;1;0;2.28;0;0.762;1.8;1255;9.5;1.4;2.6
6.16E+00;Mecoprop;1.46E+06;-0.25;214.65;0;1;-2.95;1;1.54;1.68;1255;9.5;1.4;2.6
7.21E+00;Pipamperone;1.63E+07;0.17;375.48;1;0;-1.45;1;2.96;3.95;1255;9.5;1.4;2.6
6.20E+00;Sulfamethoxazole;1.58E+06;0.14;253.28;0;1;-1.03;1;1.72;2.41;1255;9.5;1.4;2.6
3.61E+00;Tetraethylammonium;4.03E+03;-2.54;130.25;1;0;0.45;0;1.36;1.96;1255;9.5;1.4;2.6
6.53E+00;Tramadol;3.41E+06;0.24;263.38;1;0;-0.16;1;2.23;2.69;1255;9.5;1.4;2.6
5.36E+00;Triethylphosphate;2.27E+05;1.18;182.156;0;0;-1.21;0;1.39;1.81;1255;9.5;1.4;2.6
5.73E+00;1,3-Diphenylguanidine;5.35E+05;1.03;211.268;1;0;-3.6;2;1.72;3.22;1200;2.7;9.2;-4.2
4.64E+00;1H-Benzotriazole;4.35E+04;1.29;119.127;0;0;-1.21;1;0.864;2.17;1200;2.7;9.2;-4.2
3.82E+00;2-Benzothiazolesulfonic acid;6.64E+03;-0.4;215.24;0;1;-2.37;1;1.31;1.78;1200;2.7;9.2;-4.2
5.09E+00;2-Naphthalenesulfonic acid;1.23E+05;-0.23;208.23;0;1;-3.01;2;1.43;2.04;1200;2.7;9.2;-4.2
5.58E+00;4-Hydroxyquinoline;3.84E+05;1.83;145.161;0;0;-1.55;2;1.1;3.31;1200;2.7;9.2;-4.2
5.45E+00;4-Nitrophenol;2.80E+05;1.35;139.11;0;1;-1.43;1;0.949;2.46;1200;2.7;9.2;-4.2
3.12E+00;Acesulfame;1.33E+03;-1.49;163.15;0;1;1.22;0;0.976;0.62;1200;2.7;9.2;-4.2
6.50E+00;Carbendazim;3.17E+06;1.8;191.19;1;0;-2.65;1;1.36;2.6;1200;2.7;9.2;-4.2
5.27E+00;Ciprofloxacin;1.85E+05;-0.86;331.347;1;1;-2.27;1;2.3;1.55;1200;2.7;9.2;-4.2
3.00E+00;Cyclohexylamine;1.01E+03;-1.72;99.177;1;0;1.03;0;0.945;2.16;1200;2.7;9.2;-4.2
5.50E+00;Diethylphthalate;3.18E+05;2.69;222.24;0;0;-2.72;1;1.71;2.02;1200;2.7;9.2;-4.2
3.48E+00;Gabapentin;3.05E+03;-1.27;171.24;1;1;-1.12;0;1.44;1.73;1200;2.7;9.2;-4.2
5.41E+00;Guanylurea;2.57E+05;-3.93;102.097;1;0;2.28;0;0.762;1.8;1200;2.7;9.2;-4.2
4.42E+00;Mecoprop;2.63E+04;-0.25;214.65;0;1;-2.95;1;1.54;1.68;1200;2.7;9.2;-4.2
6.41E+00;Pipamperone;2.56E+06;0.17;375.48;1;0;-1.45;1;2.96;3.95;1200;2.7;9.2;-4.2
5.34E+00;Sulfamethoxazole;2.21E+05;0.14;253.28;0;1;-1.03;1;1.72;2.41;1200;2.7;9.2;-4.2
3.08E+00;Tetraethylammonium;1.21E+03;-2.54;130.25;1;0;0.45;0;1.36;1.96;1200;2.7;9.2;-4.2
5.29E+00;Tramadol;1.93E+05;0.24;263.38;1;0;-0.16;1;2.23;2.69;1200;2.7;9.2;-4.2
3.99E+00;Triethylphosphate;9.67E+03;1.18;182.156;0;0;-1.21;0;1.39;1.81;1200;2.7;9.2;-4.2
5.97E+00;Naproxen;9.42E+05;0.29;230.26;0;1;-0.69;2;1.92;2.53;1030;;;
5.75E+00;Naproxen;5.56E+05;0.29;230.26;0;1;-0.69;2;1.92;2.53;1030;;;
6.13E+00;Carbamazepine;1.34E+06;2.77;236.3;0;0;-3.79;2;1.87;3.12;1156;;;
6.05E+00;Carbamazepine;1.12E+06;2.77;236.3;0;0;-3.79;2;1.87;3.12;1156;;;
6.22E+00;Diclofenac ;1.67E+06;1.38;296.2;0;1;-1.3;2;2.07;2.66;1615;6.14;;-0.76
5.22E+00;acetaminophen;1.65E+05;0.91;151.16;0;0;-1.13;1;1.21;1.65;1615;6.14;;-0.76
6.29E+00;carbamazepine ;1.95E+06;2.77;236.3;0;0;-3.79;2;1.87;3.12;1615;6.14;;-0.76
6.78E+00;Acebutolol;6.08E+06;-0.68;336.42;1;0;-0.87;1;3.01;1.4;771.5;11.5;;4.6
6.72E+00;Atenolol;5.19E+06;-1.78;266.34;1;0;0.43;1;2.37;1.83;771.5;11.5;;4.6
6.97E+00;Carbamazepine;9.23E+06;2.77;236.3;0;0;-3.79;2;1.87;3.12;771.5;11.5;;4.6
4.03E+00;2-Acrylamido-2-methyl-1-propane sulfonic acid;1.07E+04;0.06;207.24;0;0;-1.47;0;1.64;1;1054;7.6;0.6;0.4
4.24E+00;2-Acrylamido-2-methyl-1-propane sulfonic acid;1.75E+04;0.06;207.24;0;0;-1.47;0;1.64;1;1003;6.7;0.57;-0.5
4.19E+00;2-Acrylamido-2-methyl-1-propane sulfonic acid;1.55E+04;0.06;207.24;0;0;-1.47;0;1.64;1;993;7.6;1.3;0.4
4.14E+00;2-Acrylamido-2-methyl-1-propane sulfonic acid;1.38E+04;0.06;207.24;0;0;-1.47;0;1.64;1;945;6.6;1.5;-0.6
4.16E+00;2-Acrylamido-2-methyl-1-propane sulfonic acid;1.45E+04;0.06;207.24;0;0;-1.47;0;1.64;1;1047;6.7;1.65;-0.5
3.74E+00;2-Acrylamido-2-methyl-1-propane sulfonic acid;5.52E+03;0.06;207.24;0;0;-1.47;0;1.64;1;982;6.4;2.9;-0.8
4.84E+00;Benzyldimethylamine;6.92E+04;0.21;135.21;0;1;0.63;1;1.46;2.46;1054;7.6;0.6;0.4
4.87E+00;Benzyldimethylamine;7.47E+04;0.21;135.21;0;1;0.63;1;1.46;2.46;1003;6.7;0.57;-0.5
4.85E+00;Benzyldimethylamine;7.10E+04;0.21;135.21;0;1;0.63;1;1.46;2.46;993;7.6;1.3;0.4
4.85E+00;Benzyldimethylamine;7.03E+04;0.21;135.21;0;1;0.63;1;1.46;2.46;945;6.6;1.5;-0.6
4.87E+00;Benzyldimethylamine;7.49E+04;0.21;135.21;0;1;0.63;1;1.46;2.46;1047;6.7;1.65;-0.5
4.85E+00;Benzyldimethylamine;7.09E+04;0.21;135.21;0;1;0.63;1;1.46;2.46;982;6.4;2.9;-0.8
4.85E+00;benzyltrimethylammonium;7.07E+04;-2.25;150.24;1;0;0.83;1;1.65;2.4;1054;7.6;0.6;0.4
4.92E+00;benzyltrimethylammonium;8.35E+04;-2.25;150.24;1;0;0.83;1;1.65;2.4;1003;6.7;0.57;-0.5
4.88E+00;benzyltrimethylammonium;7.62E+04;-2.25;150.24;1;0;0.83;1;1.65;2.4;993;7.6;1.3;0.4
4.91E+00;benzyltrimethylammonium;8.10E+04;-2.25;150.24;1;0;0.83;1;1.65;2.4;945;6.6;1.5;-0.6
4.92E+00;benzyltrimethylammonium;8.25E+04;-2.25;150.24;1;0;0.83;1;1.65;2.4;1047;6.7;1.65;-0.5
4.91E+00;benzyltrimethylammonium;8.19E+04;-2.25;150.24;1;0;0.83;1;1.65;2.4;982;6.4;2.9;-0.8
2.60E+00;cyanoguanidine;4.00E+02;-1.03;84.08;0;0;0.23;0;0.666;0.95;1054;7.6;0.6;0.4
3.33E+00;cyanoguanidine;2.16E+03;-1.03;84.08;0;0;0.23;0;0.666;0.95;1003;6.7;0.57;-0.5
3.18E+00;cyanoguanidine;1.50E+03;-1.03;84.08;0;0;0.23;0;0.666;0.95;993;7.6;1.3;0.4
3.51E+00;cyanoguanidine;3.20E+03;-1.03;84.08;0;0;0.23;0;0.666;0.95;945;6.6;1.5;-0.6
3.16E+00;cyanoguanidine;1.45E+03;-1.03;84.08;0;0;0.23;0;0.666;0.95;1047;6.7;1.65;-0.5
2.93E+00;cyanoguanidine;8.50E+02;-1.03;84.08;0;0;0.23;0;0.666;0.95;982;6.4;2.9;-0.8
3.29E+00;2-methylprop-2-ene-1-sulfonic acid;1.95E+03;-2.21;158.15;0;1;2.15;0;0.947;0.38;1054;7.6;0.6;0.4
3.65E+00;2-methylprop-2-ene-1-sulfonic acid;4.46E+03;-2.21;158.15;0;1;2.15;0;0.947;0.38;1003;6.7;0.57;-0.5
3.62E+00;2-methylprop-2-ene-1-sulfonic acid;4.20E+03;-2.21;158.15;0;1;2.15;0;0.947;0.38;993;7.6;1.3;0.4
3.58E+00;2-methylprop-2-ene-1-sulfonic acid;3.76E+03;-2.21;158.15;0;1;2.15;0;0.947;0.38;945;6.6;1.5;-0.6
3.16E+00;2-methylprop-2-ene-1-sulfonic acid;1.46E+03;-2.21;158.15;0;1;2.15;0;0.947;0.38;1047;6.7;1.65;-0.5
3.01E+00;2-methylprop-2-ene-1-sulfonic acid;1.02E+03;-2.21;158.15;0;1;2.15;0;0.947;0.38;982;6.4;2.9;-0.8
4.43E+00;acesulfame;2.66E+04;-1.49;163.15;0;1;1.22;0;0.976;0.623;1054;7.6;0.6;0.4
4.47E+00;acesulfame;2.93E+04;-1.49;163.15;0;1;1.22;0;0.976;0.623;1003;6.7;0.57;-0.5
4.48E+00;acesulfame;3.05E+04;-1.49;163.15;0;1;1.22;0;0.976;0.623;993;7.6;1.3;0.4
4.46E+00;acesulfame;2.88E+04;-1.49;163.15;0;1;1.22;0;0.976;0.623;945;6.6;1.5;-0.6
4.43E+00;acesulfame;2.70E+04;-1.49;163.15;0;1;1.22;0;0.976;0.623;1047;6.7;1.65;-0.5
4.09E+00;acesulfame;1.22E+04;-1.49;163.15;0;1;1.22;0;0.976;0.623;982;6.4;2.9;-0.8
4.10E+00;Adamantan-1-amine;1.26E+04;-1.43;151.25;1;0;-2.17;0;1.42;3.12;1054;7.6;0.6;0.4
4.33E+00;Adamantan-1-amine;2.12E+04;-1.43;151.25;1;0;-2.17;0;1.42;3.12;1003;6.7;0.57;-0.5
4.22E+00;Adamantan-1-amine;1.65E+04;-1.43;151.25;1;0;-2.17;0;1.42;3.12;993;7.6;1.3;0.4
4.26E+00;Adamantan-1-amine;1.80E+04;-1.43;151.25;1;0;-2.17;0;1.42;3.12;945;6.6;1.5;-0.6
4.34E+00;Adamantan-1-amine;2.21E+04;-1.43;151.25;1;0;-2.17;0;1.42;3.12;1047;6.7;1.65;-0.5
4.33E+00;Adamantan-1-amine;2.16E+04;-1.43;151.25;1;0;-2.17;0;1.42;3.12;982;6.4;2.9;-0.8
4.84E+00;diclofenac;6.94E+04;1.38;296.2;0;1;-1.3;2;2.07;2.66;993;7.6;1.3;0.4
4.84E+00;diclofenac;6.98E+04;1.38;296.2;0;1;-1.3;2;2.07;2.66;945;6.6;1.5;-0.6
4.84E+00;diclofenac;6.96E+04;1.38;296.2;0;1;-1.3;2;2.07;2.66;982;6.4;2.9;-0.8
4.28E+00;diatrizoic acid;1.91E+04;-0.62;613.91;0;1;-3.82;1;2.34;1;1054;7.6;0.6;0.4
4.32E+00;diatrizoic acid;2.08E+04;-0.62;613.91;0;1;-3.82;1;2.34;1;1003;6.7;0.57;-0.5
4.26E+00;diatrizoic acid;1.84E+04;-0.62;613.91;0;1;-3.82;1;2.34;1;993;7.6;1.3;0.4
4.24E+00;diatrizoic acid;1.74E+04;-0.62;613.91;0;1;-3.82;1;2.34;1;945;6.6;1.5;-0.6
4.33E+00;diatrizoic acid;2.15E+04;-0.62;613.91;0;1;-3.82;1;2.34;1;1047;6.7;1.65;-0.5
4.29E+00;diatrizoic acid;1.97E+04;-0.62;613.91;0;1;-3.82;1;2.34;1;982;6.4;2.9;-0.8
4.81E+00;primidone;6.41E+04;1.12;218.26;0;0;-1.93;1;1.77;2.14;1054;7.6;0.6;0.4
4.82E+00;primidone;6.57E+04;1.12;218.26;0;0;-1.93;1;1.77;2.14;1003;6.7;0.57;-0.5
4.80E+00;primidone;6.34E+04;1.12;218.26;0;0;-1.93;1;1.77;2.14;993;7.6;1.3;0.4
4.82E+00;primidone;6.59E+04;1.12;218.26;0;0;-1.93;1;1.77;2.14;945;6.6;1.5;-0.6
4.83E+00;primidone;6.80E+04;1.12;218.26;0;0;-1.93;1;1.77;2.14;1047;6.7;1.65;-0.5
4.78E+00;primidone;6.05E+04;1.12;218.26;0;0;-1.93;1;1.77;2.14;982;6.4;2.9;-0.8
4.66E+00;saccharin;4.61E+04;-0.49;183.18;0;1;0.24;1;1.18;1;1054;7.6;0.6;0.4
4.68E+00;saccharin;4.76E+04;-0.49;183.18;0;1;0.24;1;1.18;1;1003;6.7;0.57;-0.5
4.67E+00;saccharin;4.66E+04;-0.49;183.18;0;1;0.24;1;1.18;1;993;7.6;1.3;0.4
4.68E+00;saccharin;4.77E+04;-0.49;183.18;0;1;0.24;1;1.18;1;945;6.6;1.5;-0.6
4.68E+00;saccharin;4.80E+04;-0.49;183.18;0;1;0.24;1;1.18;1;1047;6.7;1.65;-0.5
4.63E+00;saccharin;4.27E+04;-0.49;183.18;0;1;0.24;1;1.18;1;982;6.4;2.9;-0.8
4.73E+00;sulfamethoxazole;5.34E+04;0.14;253.28;0;1;-1.03;1;1.72;2.41;1054;7.6;0.6;0.4
4.72E+00;sulfamethoxazole;5.24E+04;0.14;253.28;0;1;-1.03;1;1.72;2.41;1003;6.7;0.57;-0.5
4.72E+00;sulfamethoxazole;5.30E+04;0.14;253.28;0;1;-1.03;1;1.72;2.41;993;7.6;1.3;0.4
4.73E+00;sulfamethoxazole;5.31E+04;0.14;253.28;0;1;-1.03;1;1.72;2.41;945;6.6;1.5;-0.6
4.74E+00;sulfamethoxazole;5.43E+04;0.14;253.28;0;1;-1.03;1;1.72;2.41;1047;6.7;1.65;-0.5
4.68E+00;sulfamethoxazole;4.75E+04;0.14;253.28;0;1;-1.03;1;1.72;2.41;982;6.4;2.9;-0.8
4.79E+00;valsartan acid;6.12E+04;-0.93;266.25;0;1;-0.42;2;1.88;2.86;1054;7.6;0.6;0.4
4.80E+00;valsartan acid;6.31E+04;-0.93;266.25;0;1;-0.42;2;1.88;2.86;1003;6.7;0.57;-0.5
4.78E+00;valsartan acid;6.04E+04;-0.93;266.25;0;1;-0.42;2;1.88;2.86;993;7.6;1.3;0.4
4.77E+00;valsartan acid;5.95E+04;-0.93;266.25;0;1;-0.42;2;1.88;2.86;945;6.6;1.5;-0.6
4.81E+00;valsartan acid;6.47E+04;-0.93;266.25;0;1;-0.42;2;1.88;2.86;1047;6.7;1.65;-0.5
4.78E+00;valsartan acid;5.99E+04;-0.93;266.25;0;1;-0.42;2;1.88;2.86;982;6.4;2.9;-0.8
