log Kd (L/kg),log D (L/kg),molecular weight (g/mol),positive charges,negative charges,Log S (mol/L) at pH 7,number of aromatic rings,molecular volume  (cm3/mol/100),estimated log KOC  (L/kg),surface area (m2/g),O wt%,delta_PZCpH,PZC
5.204119982655925,-0.54,264.05,0,1,-3.72,0,1.05,2.43,,,,
5.900367128656471,0.18,314.05,0,1,-4.59,0,1.22,2.45,,,,
5.949390006644912,0.88,364.06,0,1,-5.42,0,1.4,3.77,,,,
5.699837725867246,-0.45,249.09,0,1,-2.48,0,0.995,1.68,,,,
5.800029359244134,0.251,299.1,0,1,-3.36,0,1.1711,2.25,,,,
5.749736315569061,0.95,350.11,0,1,-4.2,0,1.35,3.01,,,,
5.699837725867246,1.65,400.11,0,1,-5.0,0,1.52,3.3,,,,
2.6532125137753435,-3.8,150.08,0,1,-0.61,0,0.642,0.352,1140.0,,2.6,9.5
2.832508912706236,-3.8,150.08,0,1,-0.61,0,0.642,0.352,1030.0,,1.1999999999999993,8.1
3.3521825181113627,-1.22,214.039,0,1,-2.82,0,0.8705,1.81,212.0,,,
3.568201724066995,-0.54,264.05,0,1,-3.72,0,1.05,2.43,212.0,,,
3.740362689494244,0.18,314.05,0,1,-4.59,0,1.22,2.45,212.0,,,
4.056904851336473,0.88,364.06,0,1,-5.42,0,1.4,3.77,212.0,,,
4.113943352306837,0.251,299.1,0,1,-3.36,0,1.1711,2.26,212.0,,,
4.880813592280791,1.65,400.11,0,1,-5.0,0,1.52,3.3,422.0,,,
4.725503268859316,-1.22,214.039,0,1,-2.82,0,0.8705,1.81,422.0,,,
4.982271233039568,-0.54,264.05,0,1,-3.72,0,1.05,2.43,422.0,,,
5.143014800254095,0.18,314.05,0,1,-4.59,0,1.22,2.45,422.0,,,
5.230448921378274,0.88,364.06,0,1,-5.42,0,1.4,3.77,422.0,,,
4.401400540781544,-1.22,214.039,0,1,-2.82,0,0.8705,1.81,732.0,,,
4.880813592280791,-0.54,264.05,0,1,-3.72,0,1.05,2.43,732.0,,,
4.982271233039568,0.18,314.05,0,1,-4.59,0,1.22,2.45,732.0,,,
5.110589710299249,0.88,364.06,0,1,-5.42,0,1.4,3.77,732.0,,,
5.068185861746161,0.251,299.1,0,1,-3.36,0,1.1711,2.26,732.0,,,
4.845718017966659,1.65,400.11,0,1,-5.0,0,1.52,3.3,732.0,,,
4.5910646070265,-1.22,214.039,0,1,-2.82,0,0.8705,1.81,820.0,,,
4.611723308007342,-0.54,264.05,0,1,-3.72,0,1.05,2.43,820.0,,,
5.324282455297693,0.18,314.05,0,1,-4.59,0,1.22,2.45,820.0,,,
5.947286644677798,0.88,364.06,0,1,-5.42,0,1.4,3.77,820.0,,,
3.3909351071033798,-1.22,214.039,0,1,-2.82,0,0.8705,1.81,900.0,,,
4.2552725051033065,-0.54,264.05,0,1,-3.72,0,1.05,2.43,900.0,,,
4.763427993562937,0.18,314.05,0,1,-4.59,0,1.22,2.45,900.0,,,
4.982271233039568,0.88,364.06,0,1,-5.42,0,1.4,3.77,900.0,,,
4.826074802700826,0.251,299.1,0,1,-3.36,0,1.1711,2.26,900.0,,,
4.982271233039568,1.65,400.11,0,1,-5.0,0,1.52,3.3,900.0,,,
5.041392685158225,1.65,400.11,0,1,-5.0,0,1.52,3.3,752.0,,1.0499999999999998,7.95
4.5892680394627225,1.65,400.11,0,1,-5.0,0,1.52,3.3,1000.0,,,
3.716003343634799,-1.22,214.039,0,1,-2.82,0,0.8705,1.81,1120.0,,,
4.130976691605617,0.251,299.1,0,1,-3.36,0,1.1711,2.26,1120.0,,,
4.006466042249231,0.18,314.05,0,1,-4.59,0,1.22,2.45,1120.0,,,
4.248708735600918,1.65,400.11,0,1,-5.0,0,1.52,3.3,1120.0,,,
4.56426353410347,-1.22,214.039,0,1,-2.82,0,0.8705,1.81,730.0,,,
4.62960325533649,0.251,299.1,0,1,-3.36,0,1.1711,2.26,730.0,,,
4.6778988173026494,0.18,314.05,0,1,-4.59,0,1.22,2.45,730.0,,,
4.6389283213090176,1.65,400.11,0,1,-5.0,0,1.52,3.3,730.0,,,
4.20002926655377,0.18,314.05,0,1,-4.59,0,1.22,2.45,726.0,,2.6999999999999997,9.6
3.851258348719076,-0.54,264.05,0,1,-3.72,0,1.05,2.43,726.0,,2.6999999999999997,9.6
4.6200318951262975,0.251,299.1,0,1,-3.36,0,1.1711,2.26,726.0,,2.6999999999999997,9.6
4.700011062322113,1.65,400.11,0,1,-5.0,0,1.52,3.3,726.0,,2.6999999999999997,9.6
4.0,0.18,314.05,0,1,-4.59,0,1.22,2.45,726.0,,2.6,9.5
3.9799578933406656,0.251,299.1,0,1,-3.36,0,1.1711,2.26,726.0,,2.6,9.5
4.059979716944162,1.65,400.11,0,1,-5.0,0,1.52,3.3,726.0,,2.6,9.5
4.029992175377847,0.18,314.05,0,1,-4.59,0,1.22,2.45,1050.0,,,
5.300001672742554,1.65,400.11,0,1,-5.0,0,1.52,3.3,1050.0,,,
4.589949601325708,0.18,314.05,0,1,-4.59,0,1.22,2.45,1050.0,,,
4.450326104061412,0.47,330.05,0,1,-4.82,0,1.28,2.075,1050.0,2.45,,
4.477121254719663,0.18,314.05,0,1,-4.59,0,1.22,2.45,820.0,,,
4.174641192660449,0.47,330.05,0,1,-4.82,0,1.28,2.075,820.0,,,
3.54907809237607,-3.8,150.08,0,1,-0.61,0,0.642,0.352,1030.0,1.8,1.1999999999999993,8.1
4.236990464653148,-1.22,214.039,0,1,-2.82,0,0.8705,1.81,1260.0,3.9,-0.6000000000000005,6.3
5.120116364998122,0.251,299.1,0,1,-3.36,0,1.1711,2.26,1260.0,3.9,-0.6000000000000005,6.3
4.519302849235428,-1.22,214.039,0,1,-2.82,0,0.8705,1.81,1255.0,1.4,2.6,9.5
5.269078432443899,0.251,299.1,0,1,-3.36,0,1.1711,2.26,1255.0,1.4,2.6,9.5
2.98,-1.22,214.039,0,1,-2.82,0,0.8705,1.81,1200.0,9.2,-4.2,2.7
3.484157424365381,0.251,299.1,0,1,-3.36,0,1.1711,2.26,1200.0,9.2,-4.2,2.7
2.342422680822206,-1.22,214.039,0,1,-2.82,0,0.8705,1.81,1100.0,13.7,-1.0,5.9
2.6127838567197355,-1.22,214.039,0,1,-2.82,0,0.8705,1.81,720.0,7.9,0.3999999999999994,7.3
4.278753600952829,-1.22,214.039,0,1,-2.82,0,0.8705,1.81,1000.0,1.1,2.4000000000000004,9.3
4.1003705451175625,-0.54,264.05,0,1,-3.72,0,1.05,2.43,262.0,,,
5.348304863048161,0.18,314.05,0,1,-4.59,0,1.22,2.45,659.0,,,
5.578639209968072,0.251,299.1,0,1,-3.36,0,1.1711,2.26,,,,
6.553883026643875,1.65,400.11,0,1,-5.0,0,1.52,3.3,,,,
6.366180057989115,1.65,400.11,0,1,-5.0,0,1.52,3.3,,,,
5.415230507781825,0.251,299.1,0,1,-3.36,0,1.1711,2.26,676.0,,1.0999999999999996,8.0
5.6283848425536,0.251,299.1,0,1,-3.36,0,1.1711,2.26,752.0,,1.0499999999999998,7.95
5.325827520938338,-0.54,264.05,0,1,-3.72,0,1.05,2.43,676.0,,1.0999999999999996,8.0
5.6566290014421545,-0.54,264.05,0,1,-3.72,0,1.05,2.43,752.0,,1.0499999999999998,7.95
5.441523897189953,0.18,314.05,0,1,-4.59,0,1.22,2.45,676.0,,1.0999999999999996,8.0
5.451033825139367,0.18,314.05,0,1,-4.59,0,1.22,2.45,752.0,,1.0499999999999998,7.95
5.64511560028946,1.65,400.11,0,1,-5.0,0,1.52,3.3,676.0,,1.0999999999999996,8.0
5.491507368193869,0.88,364.06,0,1,-5.42,0,1.4,3.77,676.0,,1.0999999999999996,8.0
5.687729564278948,0.88,364.06,0,1,-5.42,0,1.4,3.77,752.0,,1.0499999999999998,7.95
4.336459733848529,0.88,364.06,0,1,-5.42,0,1.4,3.77,810.0,,-0.9000000000000004,6.0
4.897956810006952,0.251,299.1,0,1,-3.36,0,1.1711,2.26,810.0,,-0.9000000000000004,6.0
5.5153094239045135,1.65,400.11,0,1,-5.0,0,1.52,3.3,810.0,,-0.9000000000000004,6.0
3.82020145948564,-0.54,264.05,0,1,-3.72,0,1.05,2.43,1002.0,,0.8999999999999995,7.8
4.398113691730503,0.251,299.1,0,1,-3.36,0,1.1711,2.26,1002.0,,0.8999999999999995,7.8
4.230448921378274,0.18,314.05,0,1,-4.59,0,1.22,2.45,1002.0,,0.8999999999999995,7.8
4.220108088040055,0.88,364.06,0,1,-5.42,0,1.4,3.77,1002.0,,0.8999999999999995,7.8
4.589949601325708,1.65,400.11,0,1,-5.0,0,1.52,3.3,1002.0,,0.8999999999999995,7.8
4.232996110392154,-0.54,264.05,0,1,-3.72,0,1.05,2.43,992.0,,2.799999999999999,9.7
4.574031267727719,0.251,299.1,0,1,-3.36,0,1.1711,2.26,992.0,,2.799999999999999,9.7
4.59162103821332,0.18,314.05,0,1,-4.59,0,1.22,2.45,992.0,,2.799999999999999,9.7
4.606381365110605,0.88,364.06,0,1,-5.42,0,1.4,3.77,992.0,,2.799999999999999,9.7
4.8909795969896885,1.65,400.11,0,1,-5.0,0,1.52,3.3,992.0,,2.799999999999999,9.7
4.008600171761918,-0.54,264.05,0,1,-3.72,0,1.05,2.43,840.0,,2.799999999999999,9.7
4.503790683057181,0.251,299.1,0,1,-3.36,0,1.1711,2.26,840.0,,2.799999999999999,9.7
4.309630167425898,0.18,314.05,0,1,-4.59,0,1.22,2.45,840.0,,2.799999999999999,9.7
4.385606273598312,0.88,364.06,0,1,-5.42,0,1.4,3.77,840.0,,2.799999999999999,9.7
4.770115294787102,1.65,400.11,0,1,-5.0,0,1.52,3.3,840.0,,2.799999999999999,9.7
4.143014800254095,-0.54,264.05,0,1,-3.72,0,1.05,2.43,897.0,,2.9000000000000004,9.8
4.509202522331103,0.251,299.1,0,1,-3.36,0,1.1711,2.26,897.0,,2.9000000000000004,9.8
4.363611979892144,0.18,314.05,0,1,-4.59,0,1.22,2.45,897.0,,2.9000000000000004,9.8
4.4996870826184034,0.88,364.06,0,1,-5.42,0,1.4,3.77,897.0,,2.9000000000000004,9.8
4.815577748324268,1.65,400.11,0,1,-5.0,0,1.52,3.3,897.0,,2.9000000000000004,9.8
5.357934847000454,-0.54,264.05,0,1,-3.72,0,1.05,2.43,958.0,1.44,2.91,9.81
6.161368002234975,1.65,400.11,0,1,-5.0,0,1.52,3.3,958.0,1.44,2.91,9.81
5.84323277809801,0.88,364.06,0,1,-5.42,0,1.4,3.77,958.0,1.44,2.91,9.81
5.631443769013172,0.18,314.05,0,1,-4.59,0,1.22,2.45,958.0,1.44,2.91,9.81
5.465382851448418,-4.5,290.06,0,1,-3.39,0,1.6,2.96,958.0,1.44,2.91,9.81
5.848189116991398,0.251,299.1,0,1,-3.36,0,1.1711,2.26,958.0,1.44,2.91,9.81
4.951337518795918,-0.54,264.05,0,1,-3.72,0,1.05,2.43,1004.0,3.5,-0.9500000000000002,5.95
5.086359830674748,0.18,314.05,0,1,-4.59,0,1.22,2.45,1004.0,3.5,-0.9500000000000002,5.95
5.152288344383057,0.251,299.1,0,1,-3.36,0,1.1711,2.26,1004.0,3.5,-0.9500000000000002,5.95
5.235528446907549,-4.5,290.06,0,1,-3.39,0,1.6,2.96,1004.0,3.5,-0.9500000000000002,5.95
5.305351369446623,0.88,364.06,0,1,-5.42,0,1.4,3.77,1004.0,3.5,-0.9500000000000002,5.95
5.619093330626742,1.65,400.11,0,1,-5.0,0,1.52,3.3,1004.0,3.5,-0.9500000000000002,5.95
5.4281347940287885,-0.54,264.05,0,1,-3.72,0,1.05,2.43,1099.0,0.53,3.0,9.9
5.545307116465824,0.18,314.05,0,1,-4.59,0,1.22,2.45,1099.0,0.53,3.0,9.9
6.058805486675907,0.251,299.1,0,1,-3.36,0,1.1711,2.26,1099.0,0.53,3.0,9.9
6.090575455222202,-4.5,290.06,0,1,-3.39,0,1.6,2.96,1099.0,0.53,3.0,9.9
6.110252917353403,0.88,364.06,0,1,-5.42,0,1.4,3.77,1099.0,0.53,3.0,9.9
6.279210512601395,1.65,400.11,0,1,-5.0,0,1.52,3.3,1099.0,0.53,3.0,9.9
6.222716471147583,-0.54,264.05,0,1,-3.72,0,1.05,2.43,1079.0,0.61,2.84,9.74
6.528531060635411,0.18,314.05,0,1,-4.59,0,1.22,2.45,1079.0,0.61,2.84,9.74
6.663700925389648,0.251,299.1,0,1,-3.36,0,1.1711,2.26,1079.0,0.61,2.84,9.74
6.119915410257991,-4.5,290.06,0,1,-3.39,0,1.6,2.96,1079.0,0.61,2.84,9.74
6.7313469755459545,0.88,364.06,0,1,-5.42,0,1.4,3.77,1079.0,0.61,2.84,9.74
6.823409014892545,1.65,400.11,0,1,-5.0,0,1.52,3.3,1079.0,0.61,2.84,9.74
6.2748503200166645,0.18,314.05,0,1,-4.59,0,1.22,2.45,1067.0,7.8,1.9000000000000004,8.8
6.125806458139527,0.251,299.1,0,1,-3.36,0,1.1711,2.26,1067.0,7.8,1.9000000000000004,8.8
5.725911632295048,-0.54,264.05,0,1,-3.72,0,1.05,2.43,1067.0,7.8,1.9000000000000004,8.8
4.68304703823885,-1.22,214.039,0,1,-2.82,0,0.8705,1.81,1067.0,7.8,1.9000000000000004,8.8
5.540329474790874,0.18,314.05,0,1,-4.59,0,1.22,2.45,1064.0,8.8,1.799999999999999,8.7
5.290034611362518,0.251,299.1,0,1,-3.36,0,1.1711,2.26,1064.0,8.8,1.799999999999999,8.7
4.450249108319361,-0.54,264.05,0,1,-3.72,0,1.05,2.43,1064.0,8.8,1.799999999999999,8.7
4.017033339298781,-1.22,214.039,0,1,-2.82,0,0.8705,1.81,1064.0,8.8,1.799999999999999,8.7
5.624282095835668,0.18,314.05,0,1,-4.59,0,1.22,2.45,1086.0,9.3,1.0,7.9
5.230448921378274,0.251,299.1,0,1,-3.36,0,1.1711,2.26,1086.0,9.3,1.0,7.9
4.278753600952829,-0.54,264.05,0,1,-3.72,0,1.05,2.43,1086.0,9.3,1.0,7.9
3.785329835010767,-1.22,214.039,0,1,-2.82,0,0.8705,1.81,1086.0,9.3,1.0,7.9
5.3354348335711,0.18,314.05,0,1,-4.59,0,1.22,2.45,955.0,16.3,-3.0000000000000004,3.9
4.376576957056512,0.251,299.1,0,1,-3.36,0,1.1711,2.26,955.0,16.3,-3.0000000000000004,3.9
4.60959440922522,-0.54,264.05,0,1,-3.72,0,1.05,2.43,955.0,16.3,-3.0000000000000004,3.9
3.791690649020118,-1.22,214.039,0,1,-2.82,0,0.8705,1.81,955.0,16.3,-3.0000000000000004,3.9
4.984347257585864,0.88,364.06,0,1,-5.42,0,1.4,3.77,900.0,,0.0999999999999996,7.0
4.556965499896942,0.251,299.1,0,1,-3.36,0,1.1711,2.26,900.0,,0.0999999999999996,7.0
5.203413680096452,1.65,400.11,0,1,-5.0,0,1.52,3.3,900.0,,0.0999999999999996,7.0
3.2227164711475837,-1.22,214.039,0,1,-2.82,0,0.8705,1.81,950.0,,0.0999999999999996,7.0
3.351409751925439,-0.54,264.05,0,1,-3.72,0,1.05,2.43,950.0,,0.0999999999999996,7.0
3.361727836017593,0.18,314.05,0,1,-4.59,0,1.22,2.45,950.0,,0.0999999999999996,7.0
3.4490153163477864,0.88,364.06,0,1,-5.42,0,1.4,3.77,950.0,,0.0999999999999996,7.0
3.3100557377508912,0.251,299.1,0,1,-3.36,0,1.1711,2.26,950.0,,0.0999999999999996,7.0
3.504742636271688,0.95,350.11,0,1,-4.2,0,1.35,3.01,950.0,,0.0999999999999996,7.0
3.5765716840652906,1.65,400.11,0,1,-5.0,0,1.52,3.3,950.0,,0.0999999999999996,7.0
3.430075055551939,-0.54,264.05,0,1,-3.72,0,1.05,2.43,950.0,,0.0999999999999996,7.0
3.3914644118391037,1.11,299.11,0,1,-0.08,0,1.68,2.95,950.0,,0.0999999999999996,7.0
5.041392685158225,1.65,400.11,0,1,-5.0,0,1.52,3.3,759.0,,,
6.013427127070696,0.88,364.06,0,1,-5.42,0,1.4,3.77,262.0,,,
4.6699673699085045,0.88,364.06,0,1,-5.42,0,1.4,3.77,171.0,,,
4.439995473953808,0.88,364.06,0,1,-5.42,0,1.4,3.77,944.0,,,
4.800029359244134,0.18,314.05,0,1,-4.59,0,1.22,2.45,262.0,,,
3.345177616542704,0.18,314.05,0,1,-4.59,0,1.22,2.45,171.0,,,
5.16387665564692,0.251,299.1,0,1,-3.36,0,1.1711,2.26,964.0,,1.0999999999999996,8.0
6.5888488507863885,1.65,400.11,0,1,-5.0,0,1.52,3.3,964.0,,1.0999999999999996,8.0
5.715284492777919,-0.54,264.05,0,1,-3.72,0,1.05,2.43,964.0,,1.0999999999999996,8.0
5.892295000055523,0.47,330.05,0,1,-4.82,0,1.28,2.075,964.0,,1.0999999999999996,8.0
5.3384843831803925,0.251,299.1,0,1,-3.36,0,1.1711,2.26,1296.0,,1.9000000000000004,8.8
5.340047317661393,1.65,400.11,0,1,-5.0,0,1.52,3.3,1296.0,,1.9000000000000004,8.8
4.01456253812761,-0.54,264.05,0,1,-3.72,0,1.05,2.43,1296.0,,1.9000000000000004,8.8
4.409087369447835,0.47,330.05,0,1,-4.82,0,1.28,2.075,1296.0,,1.9000000000000004,8.8
4.969997998598342,0.251,299.1,0,1,-3.36,0,1.1711,2.26,1003.0,,2.6,9.5
4.239999792886872,0.251,299.1,0,1,-3.36,0,1.1711,2.26,948.0,,-0.2000000000000001,6.7
4.459995256047391,0.251,299.1,0,1,-3.36,0,1.1711,2.26,1003.0,,2.6,9.5
3.899984562549391,0.251,299.1,0,1,-3.36,0,1.1711,2.26,948.0,,-0.2000000000000001,6.7
4.299986436134468,0.251,299.1,0,1,-3.36,0,1.1711,2.26,1003.0,,2.6,9.5
3.869994000121742,0.251,299.1,0,1,-3.36,0,1.1711,2.26,948.0,,-0.2000000000000001,6.7
4.700002397142254,-0.54,264.05,0,1,-3.72,0,1.05,2.43,1003.0,,2.6,9.5
4.109983294819893,-0.54,264.05,0,1,-3.72,0,1.05,2.43,948.0,,-0.2000000000000001,6.7
4.029992175377847,-0.54,264.05,0,1,-3.72,0,1.05,2.43,1003.0,,2.6,9.5
3.380211241711606,-0.54,264.05,0,1,-3.72,0,1.05,2.43,948.0,,-0.2000000000000001,6.7
3.439963935920905,-0.54,264.05,0,1,-3.72,0,1.05,2.43,1003.0,,2.6,9.5
3.4099331233312946,-0.54,264.05,0,1,-3.72,0,1.05,2.43,948.0,,-0.2000000000000001,6.7
4.371437317404101,-1.22,214.039,0,1,-2.82,0,0.8705,1.81,1054.0,0.6,0.6999999999999993,7.6
4.571009672309305,-1.22,214.039,0,1,-2.82,0,0.8705,1.81,1003.0,0.57,-0.2000000000000001,6.7
4.614475366090395,-1.22,214.039,0,1,-2.82,0,0.8705,1.81,993.0,1.3,0.6999999999999993,7.6
4.52270499273475,-1.22,214.039,0,1,-2.82,0,0.8705,1.81,945.0,1.5,-0.3000000000000007,6.6
3.836324115706752,-1.22,214.039,0,1,-2.82,0,0.8705,1.81,1047.0,1.65,-0.2000000000000001,6.7
3.634678752178682,-1.22,214.039,0,1,-2.82,0,0.8705,1.81,982.0,2.9,-0.5,6.4
4.866500002672172,-0.54,264.05,0,1,-3.72,0,1.05,2.43,1054.0,0.6,0.6999999999999993,7.6
5.115810141409786,-0.54,264.05,0,1,-3.72,0,1.05,2.43,1003.0,0.57,-0.2000000000000001,6.7
5.106122874006655,-0.54,264.05,0,1,-3.72,0,1.05,2.43,993.0,1.3,0.6999999999999993,7.6
5.003460532109506,-0.54,264.05,0,1,-3.72,0,1.05,2.43,945.0,1.5,-0.3000000000000007,6.6
4.343999069057162,-0.54,264.05,0,1,-3.72,0,1.05,2.43,1047.0,1.65,-0.2000000000000001,6.7
3.8853612200315126,-0.54,264.05,0,1,-3.72,0,1.05,2.43,982.0,2.9,-0.5,6.4
5.021189299069938,0.18,314.05,0,1,-4.59,0,1.22,2.45,1054.0,0.6,0.6999999999999993,7.6
5.114610984232173,0.18,314.05,0,1,-4.59,0,1.22,2.45,1003.0,0.57,-0.2000000000000001,6.7
5.095518042323151,0.18,314.05,0,1,-4.59,0,1.22,2.45,993.0,1.3,0.6999999999999993,7.6
5.06781451116184,0.18,314.05,0,1,-4.59,0,1.22,2.45,945.0,1.5,-0.3000000000000007,6.6
4.6776069527204935,0.18,314.05,0,1,-4.59,0,1.22,2.45,1047.0,1.65,-0.2000000000000001,6.7
4.651278013998144,0.18,314.05,0,1,-4.59,0,1.22,2.45,982.0,2.9,-0.5,6.4
4.2342641243787895,0.88,364.06,0,1,-5.42,0,1.4,3.77,1054.0,0.6,0.6999999999999993,7.6
4.407390904470732,0.88,364.06,0,1,-5.42,0,1.4,3.77,1003.0,0.57,-0.2000000000000001,6.7
4.343408593803857,0.88,364.06,0,1,-5.42,0,1.4,3.77,993.0,1.3,0.6999999999999993,7.6
4.307496037913213,0.88,364.06,0,1,-5.42,0,1.4,3.77,945.0,1.5,-0.3000000000000007,6.6
4.156851901070011,0.88,364.06,0,1,-5.42,0,1.4,3.77,1047.0,1.65,-0.2000000000000001,6.7
4.013890060328438,0.88,364.06,0,1,-5.42,0,1.4,3.77,982.0,2.9,-0.5,6.4
4.919851807381034,0.47,330.05,0,1,-4.82,0,1.28,2.075,1054.0,0.6,0.6999999999999993,7.6
5.109051810051577,0.47,330.05,0,1,-4.82,0,1.28,2.075,1003.0,0.57,-0.2000000000000001,6.7
5.027545302035994,0.47,330.05,0,1,-4.82,0,1.28,2.075,993.0,1.3,0.6999999999999993,7.6
4.986216198531042,0.47,330.05,0,1,-4.82,0,1.28,2.075,945.0,1.5,-0.3000000000000007,6.6
4.59624511953028,0.47,330.05,0,1,-4.82,0,1.28,2.075,1047.0,1.65,-0.2000000000000001,6.7
3.845098040014257,0.47,330.05,0,1,-4.82,0,1.28,2.075,982.0,2.9,-0.5,6.4
3.1072099696478683,-3.8,150.08,0,1,-0.61,0,0.642,0.352,1054.0,0.6,0.6999999999999993,7.6
3.1583624920952498,-3.8,150.08,0,1,-0.61,0,0.642,0.352,1003.0,0.57,-0.2000000000000001,6.7
2.903089986991944,-3.8,150.08,0,1,-0.61,0,0.642,0.352,993.0,1.3,0.6999999999999993,7.6
3.255272505103306,-3.8,150.08,0,1,-0.61,0,0.642,0.352,945.0,1.5,-0.3000000000000007,6.6
2.505149978319906,-3.8,150.08,0,1,-0.61,0,0.642,0.352,1047.0,1.65,-0.2000000000000001,6.7
2.681241237375587,-3.8,150.08,0,1,-0.61,0,0.642,0.352,982.0,2.9,-0.5,6.4
4.169086357487023,0.251,299.1,0,1,-3.36,0,1.1711,2.26,1054.0,0.6,0.6999999999999993,7.6
4.230704313612569,0.251,299.1,0,1,-3.36,0,1.1711,2.26,1003.0,0.57,-0.2000000000000001,6.7
4.224274014294258,0.251,299.1,0,1,-3.36,0,1.1711,2.26,993.0,1.3,0.6999999999999993,7.6
4.201397124320452,0.251,299.1,0,1,-3.36,0,1.1711,2.26,945.0,1.5,-0.3000000000000007,6.6
3.8836614351536176,0.251,299.1,0,1,-3.36,0,1.1711,2.26,1047.0,1.65,-0.2000000000000001,6.7
3.788875115775417,0.251,299.1,0,1,-3.36,0,1.1711,2.26,982.0,2.9,-0.5,6.4
4.685831274626064,1.65,400.11,0,1,-5.0,0,1.52,3.3,1054.0,0.6,0.6999999999999993,7.6
4.704665185454529,1.65,400.11,0,1,-5.0,0,1.52,3.3,1003.0,0.57,-0.2000000000000001,6.7
4.691081492122969,1.65,400.11,0,1,-5.0,0,1.52,3.3,993.0,1.3,0.6999999999999993,7.6
4.678973375919766,1.65,400.11,0,1,-5.0,0,1.52,3.3,945.0,1.5,-0.3000000000000007,6.6
4.639486489268586,1.65,400.11,0,1,-5.0,0,1.52,3.3,1047.0,1.65,-0.2000000000000001,6.7
4.515873843711679,1.65,400.11,0,1,-5.0,0,1.52,3.3,982.0,2.9,-0.5,6.4
5.880813592280791,-1.64,239.2,1,0,1.2,1,2.08,1.52,2142.0,9.19,-2.1000000000000005,4.8
5.734685556602553,-1.64,239.2,1,0,1.2,1,2.08,1.52,1757.0,8.42,-0.7000000000000002,6.2
5.296482367913261,0.14,253.28,0,1,-1.03,1,1.72,2.41,2142.0,9.19,-2.1000000000000005,4.8
4.801632346233166,0.14,253.28,0,1,-1.03,1,1.72,2.41,1757.0,8.42,-0.7000000000000002,6.2
5.977723605288848,0.92,290.3,1,0,-2.42,1,2.21,2.86,2142.0,9.19,-2.1000000000000005,4.8
5.898542359241223,0.92,290.3,1,0,-2.42,1,2.21,2.86,1757.0,8.42,-0.7000000000000002,6.2
6.0,0.74,277.4,1,0,-0.57,1,2.62,2.94,2142.0,9.19,-2.1000000000000005,4.8
5.917025764935236,0.74,277.4,1,0,-0.57,1,2.62,2.94,1757.0,8.42,-0.7000000000000002,6.2
6.048304679574555,0.59,263.4,1,0,-0.31,1,2.36,3.24,2142.0,9.19,-2.1000000000000005,4.8
5.956534306218909,0.59,263.4,1,0,-0.31,1,2.36,3.24,1757.0,8.42,-0.7000000000000002,6.2
5.68432,-0.8,361.4,0,0,-2.21,1,2.44,1.09,2142.0,9.19,-2.1000000000000005,4.8
5.849772945024244,-0.8,361.4,0,0,-2.21,1,2.44,1.09,1757.0,8.42,-0.7000000000000002,6.2
6.236339286337593,-0.47,267.3,1,0,0.3,1,2.59,2.06,2142.0,9.19,-2.1000000000000005,4.8
6.149762320333331,-0.47,267.3,1,0,0.3,1,2.59,2.06,1757.0,8.42,-0.7000000000000002,6.2
6.025760862144421,-1.24,267.3,0,1,-1.47,1,3.3,1.23,2142.0,9.19,-2.1000000000000005,4.8
5.856868258565682,-1.24,267.3,0,1,-1.47,1,3.3,1.23,1757.0,8.42,-0.7000000000000002,6.2
5.157898254229663,0.72,254.3,0,1,-0.85,2,2.12,2.59,2142.0,9.19,-2.1000000000000005,4.8
4.759667844689631,0.72,254.3,0,1,-0.85,2,2.12,2.59,1757.0,8.42,-0.7000000000000002,6.2
5.091080469347332,-0.44,791.1,0,0,-2.24,1,3.64,1.0,2142.0,9.19,-2.1000000000000005,4.8
4.771606322699168,-0.44,791.1,0,0,-2.24,1,3.64,1.0,1757.0,8.42,-0.7000000000000002,6.2
5.857779071773346,-1.45,330.7,0,1,-3.18,1,2.06,2.04,2142.0,9.19,-2.1000000000000005,4.8
5.391658780642046,-1.45,330.7,0,1,-3.18,1,2.06,2.04,1757.0,8.42,-0.7000000000000002,6.2
5.767942529869095,1.85,250.3,0,1,-0.73,1,2.4,2.64,2142.0,9.19,-2.1000000000000005,4.8
5.42441490420366,1.85,250.3,0,1,-0.73,1,2.4,2.64,1757.0,8.42,-0.7000000000000002,6.2
5.934039123351037,0.6,733.9,1,0,-0.27,0,6.07,2.75,2142.0,9.19,-2.1000000000000005,4.8
5.698970004336019,0.6,733.9,1,0,-0.27,0,6.07,2.75,1757.0,8.42,-0.7000000000000002,6.2
5.835877003983764,-0.86,331.347,1,1,-2.27,1,2.3047,1.55,2142.0,9.19,-2.1000000000000005,4.8
5.276679242123818,-0.86,331.347,1,1,-2.27,1,2.3047,1.55,1757.0,8.42,-0.7000000000000002,6.2
5.77887492392231,1.38,296.2,0,1,-1.3,2,2.07,2.66,2142.0,9.19,-2.1000000000000005,4.8
5.31679054302252,1.38,296.2,0,1,-1.3,2,2.07,2.66,1757.0,8.42,-0.7000000000000002,6.2
5.909592913565959,0.97,361.8,0,1,-1.69,2,2.87,2.62,2142.0,9.19,-2.1000000000000005,4.8
5.670064746114909,0.97,361.8,0,1,-1.69,2,2.87,2.62,1757.0,8.42,-0.7000000000000002,6.2
6.223049287994964,2.77,236.3,0,0,-3.79,2,1.87,3.12,2142.0,9.19,-2.1000000000000005,4.8
5.58357658563395,2.77,236.3,0,0,-3.79,2,1.87,3.12,1757.0,8.42,-0.7000000000000002,6.2
6.254377974443275,-3.06,749.0,1,0,0.38,0,6.33,3.5,2142.0,9.19,-2.1000000000000005,4.8
5.909592913565959,-3.06,749.0,1,0,0.38,0,6.33,3.5,1757.0,8.42,-0.7000000000000002,6.2
5.306995042702608,-1.64,239.2,1,0,1.2,1,2.08,1.52,1276.0,1.7,1.5999999999999996,8.5
4.829873787982946,-1.64,239.2,1,0,1.2,1,2.08,1.52,850.0,5.66,0.8999999999999995,7.8
5.509650479546582,0.14,253.28,0,1,-1.03,1,1.72,2.41,1276.0,1.7,1.5999999999999996,8.5
5.113943352306837,0.14,253.28,0,1,-1.03,1,1.72,2.41,850.0,5.66,0.8999999999999995,7.8
5.3802112417116055,0.92,290.3,1,0,-2.42,1,2.21,2.86,1276.0,1.7,1.5999999999999996,8.5
4.977723605288848,0.92,290.3,1,0,-2.42,1,2.21,2.86,850.0,5.66,0.8999999999999995,7.8
5.511040343279225,0.74,277.4,1,0,-0.57,1,2.62,2.94,1276.0,1.7,1.5999999999999996,8.5
4.956233444078783,0.74,277.4,1,0,-0.57,1,2.62,2.94,850.0,5.66,0.8999999999999995,7.8
5.427774533135544,0.59,263.4,1,0,-0.31,1,2.36,3.24,1276.0,1.7,1.5999999999999996,8.5
4.810863182189237,0.59,263.4,1,0,-0.31,1,2.36,3.24,850.0,5.66,0.8999999999999995,7.8
5.218636837064837,-0.8,361.4,0,0,-2.21,1,2.44,1.09,1276.0,1.7,1.5999999999999996,8.5
4.276206411938949,-0.8,361.4,0,0,-2.21,1,2.44,1.09,850.0,5.66,0.8999999999999995,7.8
5.716454558721519,-0.47,267.3,1,0,0.3,1,2.59,2.06,1276.0,1.7,1.5999999999999996,8.5
5.21062290922994,-0.47,267.3,1,0,0.3,1,2.59,2.06,850.0,5.66,0.8999999999999995,7.8
5.561834989367249,-1.24,267.3,0,1,-1.47,1,3.3,1.23,1276.0,1.7,1.5999999999999996,8.5
5.114394567393557,-1.24,267.3,0,1,-1.47,1,3.3,1.23,850.0,5.66,0.8999999999999995,7.8
4.9424673809148425,0.72,254.3,0,1,-0.85,2,2.12,2.59,1276.0,1.7,1.5999999999999996,8.5
4.725616357065451,0.72,254.3,0,1,-0.85,2,2.12,2.59,850.0,5.66,0.8999999999999995,7.8
4.954242509439325,-0.44,791.1,0,0,-2.24,1,3.64,1.0,1276.0,1.7,1.5999999999999996,8.5
4.276206411938949,-0.44,791.1,0,0,-2.24,1,3.64,1.0,850.0,5.66,0.8999999999999995,7.8
5.252074109402483,-1.45,330.7,0,1,-3.18,1,2.06,2.04,1276.0,1.7,1.5999999999999996,8.5
4.989791279485452,-1.45,330.7,0,1,-3.18,1,2.06,2.04,850.0,5.66,0.8999999999999995,7.8
5.5351132016973486,1.85,250.3,0,1,-0.73,1,2.4,2.64,1276.0,1.7,1.5999999999999996,8.5
5.0,1.85,250.3,0,1,-0.73,1,2.4,2.64,850.0,5.66,0.8999999999999995,7.8
5.471692503008264,0.6,733.9,1,0,-0.27,0,6.07,2.75,1276.0,1.7,1.5999999999999996,8.5
5.0906287849780645,0.6,733.9,1,0,-0.27,0,6.07,2.75,850.0,5.66,0.8999999999999995,7.8
4.954242509439325,-0.86,331.347,1,1,-2.27,1,2.3047,1.55,1276.0,1.7,1.5999999999999996,8.5
4.653212513775344,-0.86,331.347,1,1,-2.27,1,2.3047,1.55,850.0,5.66,0.8999999999999995,7.8
5.505149978319905,1.38,296.2,0,1,-1.3,2,2.07,2.66,1276.0,1.7,1.5999999999999996,8.5
4.977723605288848,1.38,296.2,0,1,-1.3,2,2.07,2.66,850.0,5.66,0.8999999999999995,7.8
5.496006598880035,0.97,361.8,0,1,-1.69,2,2.87,2.62,1276.0,1.7,1.5999999999999996,8.5
4.959774998039286,0.97,361.8,0,1,-1.69,2,2.87,2.62,850.0,5.66,0.8999999999999995,7.8
5.598425706672868,2.77,236.3,0,0,-3.79,2,1.87,3.12,1276.0,1.7,1.5999999999999996,8.5
5.139429273329537,2.77,236.3,0,0,-3.79,2,1.87,3.12,850.0,5.66,0.8999999999999995,7.8
5.458928249893645,-3.06,749.0,1,0,0.38,0,6.33,3.5,1276.0,1.7,1.5999999999999996,8.5
4.856868258565682,-3.06,749.0,1,0,0.38,0,6.33,3.5,850.0,5.66,0.8999999999999995,7.8
4.681241237375588,-1.64,239.2,1,0,1.2,1,2.08,1.52,1183.0,4.33,2.0,8.9
4.938519725176492,-1.64,239.2,1,0,1.2,1,2.08,1.52,933.0,3.35,3.5,10.4
4.829946695941636,0.14,253.28,0,1,-1.03,1,1.72,2.41,1183.0,4.33,2.0,8.9
4.919078092376074,0.14,253.28,0,1,-1.03,1,1.72,2.41,933.0,3.35,3.5,10.4
5.037426497940624,0.92,290.3,1,0,-2.42,1,2.21,2.86,1183.0,4.33,2.0,8.9
4.986954441244919,0.92,290.3,1,0,-2.42,1,2.21,2.86,933.0,3.35,3.5,10.4
4.881099218389017,0.74,277.4,1,0,-0.57,1,2.62,2.94,1183.0,4.33,2.0,8.9
5.060697840353612,0.74,277.4,1,0,-0.57,1,2.62,2.94,933.0,3.35,3.5,10.4
4.673681685968562,0.59,263.4,1,0,-0.31,1,2.36,3.24,1183.0,4.33,2.0,8.9
4.950653278415881,0.59,263.4,1,0,-0.31,1,2.36,3.24,933.0,3.35,3.5,10.4
4.274377800892541,-0.8,361.4,0,0,-2.21,1,2.44,1.09,1183.0,4.33,2.0,8.9
4.653212513775344,-0.8,361.4,0,0,-2.21,1,2.44,1.09,933.0,3.35,3.5,10.4
5.395707127239745,-0.47,267.3,1,0,0.3,1,2.59,2.06,1183.0,4.33,2.0,8.9
5.2662678894047685,-0.47,267.3,1,0,0.3,1,2.59,2.06,933.0,3.35,3.5,10.4
5.198085552761848,-1.24,267.3,0,1,-1.47,1,3.3,1.23,1183.0,4.33,2.0,8.9
5.239478237920072,-1.24,267.3,0,1,-1.47,1,3.3,1.23,933.0,3.35,3.5,10.4
4.6580596007175314,0.72,254.3,0,1,-0.85,2,2.12,2.59,1183.0,4.33,2.0,8.9
4.7656025432424265,0.72,254.3,0,1,-0.85,2,2.12,2.59,933.0,3.35,3.5,10.4
4.211507916278137,-0.44,791.1,0,0,-2.24,1,3.64,1.0,1183.0,4.33,2.0,8.9
4.477121254719663,-0.44,791.1,0,0,-2.24,1,3.64,1.0,933.0,3.35,3.5,10.4
5.2086204838826005,-1.45,330.7,0,1,-3.18,1,2.06,2.04,1183.0,4.33,2.0,8.9
5.047699977289385,-1.45,330.7,0,1,-3.18,1,2.06,2.04,933.0,3.35,3.5,10.4
5.212187604403958,1.85,250.3,0,1,-0.73,1,2.4,2.64,1183.0,4.33,2.0,8.9
5.389166084364534,1.85,250.3,0,1,-0.73,1,2.4,2.64,933.0,3.35,3.5,10.4
5.013523707470712,0.6,733.9,1,0,-0.27,0,6.07,2.75,1183.0,4.33,2.0,8.9
5.068199261967763,0.6,733.9,1,0,-0.27,0,6.07,2.75,933.0,3.35,3.5,10.4
4.311969981727994,-0.86,331.347,1,1,-2.27,1,2.3047,1.55,1183.0,4.33,2.0,8.9
4.705362104023118,-0.86,331.347,1,1,-2.27,1,2.3047,1.55,933.0,3.35,3.5,10.4
4.980474344867384,1.38,296.2,0,1,-1.3,2,2.07,2.66,1183.0,4.33,2.0,8.9
5.4111833681065376,1.38,296.2,0,1,-1.3,2,2.07,2.66,933.0,3.35,3.5,10.4
5.006935631167744,0.97,361.8,0,1,-1.69,2,2.87,2.62,1183.0,4.33,2.0,8.9
5.613841821876069,0.97,361.8,0,1,-1.69,2,2.87,2.62,933.0,3.35,3.5,10.4
5.655138434811383,2.77,236.3,0,0,-3.79,2,1.87,3.12,1183.0,4.33,2.0,8.9
5.662757831681574,2.77,236.3,0,0,-3.79,2,1.87,3.12,933.0,3.35,3.5,10.4
5.525044807036846,-3.06,749.0,1,0,0.38,0,6.33,3.5,1183.0,4.33,2.0,8.9
5.494850021680094,-3.06,749.0,1,0,0.38,0,6.33,3.5,933.0,3.35,3.5,10.4
6.8223549128756975,2.24,239.3,1,0,-3.92,2,2.21,4.17,1140.0,4.7,2.6,9.5
6.361727836017593,1.29,119.127,0,0,-1.21,1,0.8642,2.17,1140.0,4.7,2.6,9.5
6.060697840353613,-0.64,152.11,0,1,-1.45,0,0.784,1.0,1140.0,4.7,2.6,9.5
5.952227218204,-1.85,170.25,1,0,1.56,0,1.85,1.61,1140.0,4.7,2.6,9.5
5.884421420569521,1.12,218.26,0,0,-1.93,1,1.77,2.14,1140.0,4.7,2.6,9.5
6.0,0.42,362.44,0,1,-2.92,0,2.8,1.93,1140.0,4.7,2.6,9.5
6.018885344160373,-2.25,150.24,1,0,0.83,1,1.65,2.4,1140.0,4.7,2.6,9.5
5.884606581297931,-0.49,183.18,0,1,0.24,1,1.18,1.0,1140.0,4.7,2.6,9.5
5.731906062431007,-0.2,186.22,0,1,0.08,1,1.45,1.43,1140.0,4.7,2.6,9.5
5.361727836017594,-0.59,126.12,0,0,-1.69,0,0.76,1.51,1140.0,4.7,2.6,9.5
5.703768887217787,-0.73,266.25,0,1,-0.42,2,2.05,2.86,1140.0,4.7,2.6,9.5
5.487340419901348,-0.71,172.2,0,1,0.37,1,1.28,1.21,1140.0,4.7,2.6,9.5
5.123384908539679,-1.43,151.25,1,0,-2.17,0,1.42,3.12,1140.0,4.7,2.6,9.5
5.18089014193745,-1.49,163.15,0,1,1.22,0,0.9757,0.623,1140.0,4.7,2.6,9.5
4.865301426102544,0.06,207.24,0,0,-1.47,0,1.64,1.0,1140.0,4.7,2.6,9.5
5.42441490420366,-0.62,613.91,0,1,-3.82,1,2.34,1.0,1140.0,4.7,2.6,9.5
4.2403321553103694,-1.49,163.15,0,1,1.22,0,0.9757,0.623,1030.0,1.8,1.1999999999999993,8.1
4.933053210369387,-1.43,151.25,1,0,-2.17,0,1.42,3.12,1030.0,1.8,1.1999999999999993,8.1
5.423436395756886,1.29,119.127,0,0,-1.21,1,0.8642,2.17,1030.0,1.8,1.1999999999999993,8.1
5.388180171382881,2.77,236.3,0,0,-3.79,2,1.87,3.12,1030.0,1.8,1.1999999999999993,8.1
5.388180171382881,-0.2,186.22,0,1,0.08,1,1.45,1.43,1030.0,1.8,1.1999999999999993,8.1
4.64248864838357,0.1,231.26,0,0,-1.37,1,1.78,1.06,1030.0,1.8,1.1999999999999993,8.1
4.106053392447927,-1.27,171.24,1,1,-1.12,0,1.4423,1.77,1030.0,1.8,1.1999999999999993,8.1
4.045757490560675,-2.32,201.31,1,0,1.64,0,2.06,1.0,1030.0,1.8,1.1999999999999993,8.1
5.532168821050568,-0.59,126.12,0,0,-1.69,0,0.76,1.51,1030.0,1.8,1.1999999999999993,8.1
5.353208007329052,1.12,218.26,0,0,-1.93,1,1.77,2.14,1030.0,1.8,1.1999999999999993,8.1
4.890855530574932,0.14,253.28,0,1,-1.03,1,1.72,2.41,1030.0,1.8,1.1999999999999993,8.1
6.211387552936859,1.03,211.268,1,0,-3.6,2,1.7215,3.220108088040055,1260.0,3.9,-0.6000000000000005,6.3
5.521661015112073,1.29,119.127,0,0,-1.21,1,0.8642,2.173186268412274,1260.0,3.9,-0.6000000000000005,6.3
4.74989522940862,-0.4,215.24,0,1,-2.37,1,1.3086,1.7781512503836436,1260.0,3.9,-0.6000000000000005,6.3
5.8971870765801535,-0.23,208.23,0,1,-3.01,2,1.425,2.041392685158225,1260.0,3.9,-0.6000000000000005,6.3
5.945042239990235,1.83,145.161,0,0,-1.55,2,1.103,3.305351369446624,1260.0,3.9,-0.6000000000000005,6.3
5.128872634936163,1.35,139.11,0,1,-1.43,1,0.9493,2.462397997898956,1260.0,3.9,-0.6000000000000005,6.3
7.333246851191278,1.91,203.24,1,0,-3.27,2,1.5844,2.322219294733919,1260.0,3.9,-0.6000000000000005,6.3
5.163865291836085,-1.49,163.15,0,1,1.22,0,0.9757,0.6232492903979004,1260.0,3.9,-0.6000000000000005,6.3
7.410423058883491,1.8,191.19,1,0,-2.65,1,1.3613,2.6020599913279625,1260.0,3.9,-0.6000000000000005,6.3
5.305618782509852,-0.86,331.347,1,1,-2.27,1,2.3047,1.550228353055094,1260.0,3.9,-0.6000000000000005,6.3
3.366182092745813,-1.72,99.177,1,0,1.03,0,0.9452,2.1583624920952498,1260.0,3.9,-0.6000000000000005,6.3
5.670324692187282,2.69,222.24,0,0,-2.72,1,1.7106,2.0211892990699383,1260.0,3.9,-0.6000000000000005,6.3
4.758237605903041,-1.27,171.24,1,1,-1.12,0,1.4423,1.7708520116421442,1260.0,3.9,-0.6000000000000005,6.3
4.922229031809997,-3.93,102.097,1,0,2.28,0,0.7623,1.8000293592441343,1260.0,3.9,-0.6000000000000005,6.3
5.83840231590421,-0.25,214.65,0,1,-2.95,1,1.5355,1.683947130751512,1260.0,3.9,-0.6000000000000005,6.3
5.66640896740905,0.17,375.48,1,0,-1.45,1,2.9612,3.9500239065233274,1260.0,3.9,-0.6000000000000005,6.3
5.773036578672063,0.14,253.28,0,1,-1.03,1,1.72,2.4149733479708178,1260.0,3.9,-0.6000000000000005,6.3
4.131732913737455,-2.54,130.25,1,0,0.450249108319361,0,1.36,1.9590413923210936,1260.0,3.9,-0.6000000000000005,6.3
5.41359667124785,0.24,263.38,1,0,-0.16,1,2.23,2.690196080028514,1260.0,3.9,-0.6000000000000005,6.3
4.329971684899451,1.18,182.156,0,0,-1.21,0,1.3934,1.8129133566428557,1260.0,3.9,-0.6000000000000005,6.3
6.191417816678108,1.03,211.268,1,0,-3.6,2,1.7215,3.220108088040055,1255.0,1.4,2.6,9.5
5.214313710038058,1.29,119.127,0,0,-1.21,1,0.8642,2.173186268412274,1255.0,1.4,2.6,9.5
5.204436532559183,-0.4,215.24,0,1,-2.37,1,1.3086,1.7781512503836436,1255.0,1.4,2.6,9.5
6.149078731625927,-0.23,208.23,0,1,-3.01,2,1.425,2.041392685158225,1255.0,1.4,2.6,9.5
5.782040193874953,1.83,145.161,0,0,-1.55,2,1.103,3.305351369446624,1255.0,1.4,2.6,9.5
5.312212747547085,1.35,139.11,0,1,-1.43,1,0.9493,2.462397997898956,1255.0,1.4,2.6,9.5
5.398594008846146,-1.49,163.15,0,1,1.22,0,0.9757,0.6232492903979004,1255.0,1.4,2.6,9.5
6.488338889379558,1.8,191.19,1,0,-2.65,1,1.3613,2.6020599913279625,1255.0,1.4,2.6,9.5
5.739262532912435,-0.86,331.347,1,1,-2.27,1,2.3047,1.550228353055094,1255.0,1.4,2.6,9.5
3.5552472994325965,-1.72,99.177,1,0,1.03,0,0.9452,2.1583624920952498,1255.0,1.4,2.6,9.5
5.812874157581777,2.69,222.24,0,0,-2.72,1,1.7106,2.0211892990699383,1255.0,1.4,2.6,9.5
4.6826070838900815,-1.27,171.24,1,1,-1.12,0,1.4423,1.7708520116421442,1255.0,1.4,2.6,9.5
5.180865785399244,-3.93,102.097,1,0,2.28,0,0.7623,1.8000293592441343,1255.0,1.4,2.6,9.5
6.1633249929311775,-0.25,214.65,0,1,-2.95,1,1.5355,1.683947130751512,1255.0,1.4,2.6,9.5
7.21340507193121,0.17,375.48,1,0,-1.45,1,2.9612,3.9500239065233274,1255.0,1.4,2.6,9.5
6.199600443640184,0.14,253.28,0,1,-1.03,1,1.72,2.4149733479708178,1255.0,1.4,2.6,9.5
3.60913,-2.54,130.25,1,0,0.450249108319361,0,1.36,1.9590413923210936,1255.0,1.4,2.6,9.5
6.53258653532504,0.24,263.38,1,0,-0.16,1,2.23,2.690196080028514,1255.0,1.4,2.6,9.5
5.355690196556501,1.18,182.156,0,0,-1.21,0,1.3934,1.8129133566428557,1255.0,1.4,2.6,9.5
5.728474709096593,1.03,211.268,1,0,-3.6,2,1.7215,3.220108088040055,1200.0,9.2,-4.2,2.7
4.638037193672004,1.29,119.127,0,0,-1.21,1,0.8642,2.173186268412274,1200.0,9.2,-4.2,2.7
3.8221674683275824,-0.4,215.24,0,1,-2.37,1,1.3086,1.7781512503836436,1200.0,9.2,-4.2,2.7
5.089182289128787,-0.23,208.23,0,1,-3.01,2,1.425,2.041392685158225,1200.0,9.2,-4.2,2.7
5.584821208257022,1.83,145.161,0,0,-1.55,2,1.103,3.305351369446624,1200.0,9.2,-4.2,2.7
5.446920765511881,1.35,139.11,0,1,-1.43,1,0.9493,2.462397997898956,1200.0,9.2,-4.2,2.7
3.124793357419907,-1.49,163.15,0,1,1.22,0,0.9757,0.6232492903979004,1200.0,9.2,-4.2,2.7
6.501691993562252,1.8,191.19,1,0,-2.65,1,1.3613,2.6020599913279625,1200.0,9.2,-4.2,2.7
5.2673625132672734,-0.86,331.347,1,1,-2.27,1,2.3047,1.550228353055094,1200.0,9.2,-4.2,2.7
3.002171274823259,-1.72,99.177,1,0,1.03,0,0.9452,2.1583624920952498,1200.0,9.2,-4.2,2.7
5.502588832075909,2.69,222.24,0,0,-2.72,1,1.7106,2.0211892990699383,1200.0,9.2,-4.2,2.7
3.91358729696889,-1.27,171.24,1,1,-1.12,0,1.4423,1.73,1200.0,9.2,-4.2,2.7
5.410587734320932,-3.93,102.097,1,0,2.28,0,0.7623,1.8000293592441343,1200.0,9.2,-4.2,2.7
4.42004395309969,-0.25,214.65,0,1,-2.95,1,1.5355,1.683947130751512,1200.0,9.2,-4.2,2.7
6.40890993194966,0.17,375.48,1,0,-1.45,1,2.9612,3.9500239065233274,1200.0,9.2,-4.2,2.7
5.34410746066613,0.14,253.28,0,1,-1.03,1,1.72,2.4149733479708178,1200.0,9.2,-4.2,2.7
3.084281111147922,-2.54,130.25,1,0,0.450249108319361,0,1.36,1.9590413923210936,1200.0,9.2,-4.2,2.7
5.285653133457376,0.24,263.38,1,0,-0.16,1,2.23,2.690196080028514,1200.0,9.2,-4.2,2.7
3.985561187773345,1.18,182.156,0,0,-1.21,0,1.3934,1.8129133566428557,1200.0,9.2,-4.2,2.7
5.974050902792877,0.29,230.26,0,1,-0.69,2,1.92,2.53,1030.0,,,
5.7450747915820575,0.29,230.26,0,1,-0.69,2,1.92,2.53,1030.0,,,
6.128076012668715,2.77,236.3,0,0,-3.79,2,1.87,3.12,1156.0,,,
6.050379756261457,2.77,236.3,0,0,-3.79,2,1.87,3.12,1156.0,,,
6.222716471147583,1.38,296.2,0,1,-1.3,2,2.07,2.66,1615.0,,-0.7600000000000007,6.14
5.217483944213907,0.91,151.16,0,0,-1.13,1,1.21,1.65,1615.0,,-0.7600000000000007,6.14
6.290924559382754,2.77,236.3,0,0,-3.79,2,1.87,3.12,1615.0,,-0.7600000000000007,6.14
6.783903579272735,-0.68,336.42,1,0,-0.87,1,3.01,1.4,771.5,,4.6,11.5
6.715167357848458,-1.78,266.34,1,0,0.43,1,2.37,1.83,771.5,,4.6,11.5
6.965201701025912,2.77,236.3,0,0,-3.79,2,1.87,3.12,771.5,,4.6,11.5
4.027349607774757,0.06,207.24,0,0,-1.47,0,1.64,1.0,1054.0,0.6,0.3999999999999994,7.6
4.243038048686294,0.06,207.24,0,0,-1.47,0,1.64,1.0,1003.0,0.57,-0.5,6.7
4.190331698170292,0.06,207.24,0,0,-1.47,0,1.64,1.0,993.0,1.3,0.3999999999999994,7.6
4.138302698166282,0.06,207.24,0,0,-1.47,0,1.64,1.0,945.0,1.5,-0.6000000000000005,6.6
4.161966616364075,0.06,207.24,0,0,-1.47,0,1.64,1.0,1047.0,1.65,-0.5,6.7
3.741939077729199,0.06,207.24,0,0,-1.47,0,1.64,1.0,982.0,2.9,-0.7999999999999998,6.4
4.8402629644176125,0.21,135.21,0,1,0.63,1,1.46,2.46,1054.0,0.6,0.3999999999999994,7.6
4.873320601815399,0.21,135.21,0,1,0.63,1,1.46,2.46,1003.0,0.57,-0.5,6.7
4.851258348719076,0.21,135.21,0,1,0.63,1,1.46,2.46,993.0,1.3,0.3999999999999994,7.6
4.846800854279478,0.21,135.21,0,1,0.63,1,1.46,2.46,945.0,1.5,-0.6000000000000005,6.6
4.874191804679072,0.21,135.21,0,1,0.63,1,1.46,2.46,1047.0,1.65,-0.5,6.7
4.850646235183066,0.21,135.21,0,1,0.63,1,1.46,2.46,982.0,2.9,-0.7999999999999998,6.4
4.849112166184577,-2.25,150.24,1,0,0.83,1,1.65,2.4,1054.0,0.6,0.3999999999999994,7.6
4.921790485658187,-2.25,150.24,1,0,0.83,1,1.65,2.4,1003.0,0.57,-0.5,6.7
4.8816699076720615,-2.25,150.24,1,0,0.83,1,1.65,2.4,993.0,1.3,0.3999999999999994,7.6
4.9084850188786495,-2.25,150.24,1,0,0.83,1,1.65,2.4,945.0,1.5,-0.6000000000000005,6.6
4.916611845109346,-2.25,150.24,1,0,0.83,1,1.65,2.4,1047.0,1.65,-0.5,6.7
4.913283901760418,-2.25,150.24,1,0,0.83,1,1.65,2.4,982.0,2.9,-0.7999999999999998,6.4
2.6020599913279625,-1.03,84.08,0,0,0.23,0,0.666,0.95,1054.0,0.6,0.3999999999999994,7.6
3.3344537511509307,-1.03,84.08,0,0,0.23,0,0.666,0.95,1003.0,0.57,-0.5,6.7
3.1760912590556813,-1.03,84.08,0,0,0.23,0,0.666,0.95,993.0,1.3,0.3999999999999994,7.6
3.505149978319906,-1.03,84.08,0,0,0.23,0,0.666,0.95,945.0,1.5,-0.6000000000000005,6.6
3.161368002234975,-1.03,84.08,0,0,0.23,0,0.666,0.95,1047.0,1.65,-0.5,6.7
2.929418925714293,-1.03,84.08,0,0,0.23,0,0.666,0.95,982.0,2.9,-0.7999999999999998,6.4
3.290034611362518,-2.21,158.15,0,1,2.15,0,0.947,0.38,1054.0,0.6,0.3999999999999994,7.6
3.649334858712142,-2.21,158.15,0,1,2.15,0,0.947,0.38,1003.0,0.57,-0.5,6.7
3.6232492903979,-2.21,158.15,0,1,2.15,0,0.947,0.38,993.0,1.3,0.3999999999999994,7.6
3.575187844927661,-2.21,158.15,0,1,2.15,0,0.947,0.38,945.0,1.5,-0.6000000000000005,6.6
3.164352855784437,-2.21,158.15,0,1,2.15,0,0.947,0.38,1047.0,1.65,-0.5,6.7
3.008600171761917,-2.21,158.15,0,1,2.15,0,0.947,0.38,982.0,2.9,-0.7999999999999998,6.4
4.4252080511386565,-1.49,163.15,0,1,1.22,0,0.9757,0.6232492903979004,1054.0,0.6,0.3999999999999994,7.6
4.467519313989927,-1.49,163.15,0,1,1.22,0,0.9757,0.6232492903979004,1003.0,0.57,-0.5,6.7
4.484299839346786,-1.49,163.15,0,1,1.22,0,0.9757,0.6232492903979004,993.0,1.3,0.3999999999999994,7.6
4.459392487759231,-1.49,163.15,0,1,1.22,0,0.9757,0.6232492903979004,945.0,1.5,-0.6000000000000005,6.6
4.430558769522757,-1.49,163.15,0,1,1.22,0,0.9757,0.6232492903979004,1047.0,1.65,-0.5,6.7
4.087248867795658,-1.49,163.15,0,1,1.22,0,0.9757,0.6232492903979004,982.0,2.9,-0.7999999999999998,6.4
4.1003705451175625,-1.43,151.25,1,0,-2.17,0,1.42,3.12,1054.0,0.6,0.3999999999999994,7.6
4.325597752860019,-1.43,151.25,1,0,-2.17,0,1.42,3.12,1003.0,0.57,-0.5,6.7
4.218535505216527,-1.43,151.25,1,0,-2.17,0,1.42,3.12,993.0,1.3,0.3999999999999994,7.6
4.2552725051033065,-1.43,151.25,1,0,-2.17,0,1.42,3.12,945.0,1.5,-0.6000000000000005,6.6
4.344392273685111,-1.43,151.25,1,0,-2.17,0,1.42,3.12,1047.0,1.65,-0.5,6.7
4.334453751150931,-1.43,151.25,1,0,-2.17,0,1.42,3.12,982.0,2.9,-0.7999999999999998,6.4
4.841171694499532,1.38,296.2,0,1,-1.3,2,2.07,2.66,993.0,1.3,0.3999999999999994,7.6
4.843855422623161,1.38,296.2,0,1,-1.3,2,2.07,2.66,945.0,1.5,-0.6000000000000005,6.6
4.842609239610562,1.38,296.2,0,1,-1.3,2,2.07,2.66,982.0,2.9,-0.7999999999999998,6.4
4.281033367247727,-0.62,613.91,0,1,-3.82,1,2.34,1.0,1054.0,0.6,0.3999999999999994,7.6
4.318063334962762,-0.62,613.91,0,1,-3.82,1,2.34,1.0,1003.0,0.57,-0.5,6.7
4.264817823009537,-0.62,613.91,0,1,-3.82,1,2.34,1.0,993.0,1.3,0.3999999999999994,7.6
4.2405492482826,-0.62,613.91,0,1,-3.82,1,2.34,1.0,945.0,1.5,-0.6000000000000005,6.6
4.332438459915605,-0.62,613.91,0,1,-3.82,1,2.34,1.0,1047.0,1.65,-0.5,6.7
4.294466226161593,-0.62,613.91,0,1,-3.82,1,2.34,1.0,982.0,2.9,-0.7999999999999998,6.4
4.806519134080705,1.12,218.26,0,0,-1.93,1,1.77,2.14,1054.0,0.6,0.3999999999999994,7.6
4.817300878393321,1.12,218.26,0,0,-1.93,1,1.77,2.14,1003.0,0.57,-0.5,6.7
4.80174661921946,1.12,218.26,0,0,-1.93,1,1.77,2.14,993.0,1.3,0.3999999999999994,7.6
4.818687663441514,1.12,218.26,0,0,-1.93,1,1.77,2.14,945.0,1.5,-0.6000000000000005,6.6
4.832317269922262,1.12,218.26,0,0,-1.93,1,1.77,2.14,1047.0,1.65,-0.5,6.7
4.78161178249315,1.12,218.26,0,0,-1.93,1,1.77,2.14,982.0,2.9,-0.7999999999999998,6.4
4.663229634532867,-0.49,183.18,0,1,0.24,1,1.18,1.0,1054.0,0.6,0.3999999999999994,7.6
4.677150521273433,-0.49,183.18,0,1,0.24,1,1.18,1.0,1003.0,0.57,-0.5,6.7
4.6679196853173615,-0.49,183.18,0,1,0.24,1,1.18,1.0,993.0,1.3,0.3999999999999994,7.6
4.678062904974345,-0.49,183.18,0,1,0.24,1,1.18,1.0,945.0,1.5,-0.6000000000000005,6.6
4.680788611506682,-0.49,183.18,0,1,0.24,1,1.18,1.0,1047.0,1.65,-0.5,6.7
4.629919035503542,-0.49,183.18,0,1,0.24,1,1.18,1.0,982.0,2.9,-0.7999999999999998,6.4
4.727134423760488,0.14,253.28,0,1,-1.03,1,1.72,2.4149733479708178,1054.0,0.6,0.3999999999999994,7.6
4.71945559013257,0.14,253.28,0,1,-1.03,1,1.72,2.4149733479708178,1003.0,0.57,-0.5,6.7
4.723988976618778,0.14,253.28,0,1,-1.03,1,1.72,2.4149733479708178,993.0,1.3,0.3999999999999994,7.6
4.725339815909737,0.14,253.28,0,1,-1.03,1,1.72,2.4149733479708178,945.0,1.5,-0.6000000000000005,6.6
4.735119634081872,0.14,253.28,0,1,-1.03,1,1.72,2.4149733479708178,1047.0,1.65,-0.5,6.7
4.676876431973137,0.14,253.28,0,1,-1.03,1,1.72,2.4149733479708178,982.0,2.9,-0.7999999999999998,6.4
4.786502980070113,-0.93,266.25,0,1,-0.42,2,1.88,2.86,1054.0,0.6,0.3999999999999994,7.6
4.800132586550861,-0.93,266.25,0,1,-0.42,2,1.88,2.86,1003.0,0.57,-0.5,6.7
4.780929070636497,-0.93,266.25,0,1,-0.42,2,1.88,2.86,993.0,1.3,0.3999999999999994,7.6
4.774808830310706,-0.93,266.25,0,1,-0.42,2,1.88,2.86,945.0,1.5,-0.6000000000000005,6.6
4.8111726950665545,-0.93,266.25,0,1,-0.42,2,1.88,2.86,1047.0,1.65,-0.5,6.7
4.777172986839704,-0.93,266.25,0,1,-0.42,2,1.88,2.86,982.0,2.9,-0.7999999999999998,6.4
4.3,-1.22,214.039,0,1,-2.82,0,0.8705,1.81,1283.0,0.96,2.41,9.41
7.05,1.38,296.2,0,1,-1.3,2,2.07,2.66,1283.0,0.96,2.41,9.41
6.5,-0.93,266.25,0,1,-0.42,2,1.88,2.86,1283.0,0.96,2.41,9.41
4.6,-1.72,99.177,1,0,1.03,0,0.9452,2.1583624920952498,1283.0,0.96,2.41,9.41
6.0,1.29,119.127,0,0,-1.21,1,0.8642,2.173186268412274,1283.0,0.96,2.41,9.41
4.52,-3.93,102.097,1,0,2.28,0,0.7623,1.8000293592441343,1283.0,0.96,2.41,9.41
6.21,1.03,211.268,1,0,-3.6,2,1.7215,3.220108088040055,1283.0,0.96,2.41,9.41
6.02,-1.27,171.24,1,1,-1.12,0,1.4423,1.73,1283.0,0.96,2.41,9.41
6.3,0.14,253.28,0,1,-1.03,1,1.72,2.4149733479708178,1283.0,0.96,2.41,9.41
7.2,1.8,191.19,1,0,-2.65,1,1.3613,2.6020599913279625,1283.0,0.96,2.41,9.41
6.5,2.77,236.3,0,0,-3.79,2,1.87,3.12,1283.0,0.96,2.41,9.41
4.66,-1.22,214.039,0,1,-2.82,0,0.8705,1.81,840.0,0.9,2.6999999999999993,9.7
4.21,-1.22,214.039,0,1,-2.82,0,0.8705,1.81,980.0,2.2,2.0999999999999996,9.1
3.96,-1.22,214.039,0,1,-2.82,0,0.8705,1.81,940.0,2.9,1.3000000000000007,8.3
5.5,1.7,206.28,0,1,-1.38,1,2.0,2.63,69.0,35.0,-1.2999999999999998,5.7
5.3,1.7,206.28,0,1,-1.38,1,2.0,2.63,57.0,30.0,-0.7999999999999998,6.2
5.4,1.7,206.28,0,1,-1.38,1,2.0,2.63,16.0,21.0,-2.0,5.0
5.5,0.29,230.26,0,1,-0.69,2,1.92,2.53,69.0,35.0,-1.2999999999999998,5.7
5.1,0.29,230.26,0,1,-0.69,2,1.92,2.53,57.0,30.0,-0.7999999999999998,6.2
5.0,0.29,230.26,0,1,-0.69,2,1.92,2.53,16.0,21.0,-2.0,5.0
5.0,1.66,152.14,0,0,-1.27,1,1.26,1.94,69.0,35.0,-1.2999999999999998,5.7
4.8,1.66,152.14,0,0,-1.27,1,1.26,1.94,57.0,30.0,-0.7999999999999998,6.2
4.85,1.66,152.14,0,0,-1.27,1,1.26,1.94,16.0,21.0,-2.0,5.0
